"X1","X2"
7.00585500446825,-0.0260329764153264
6.95613280634662,-0.0264614731541954
7.00602006880735,-0.0289216049734393
6.95326708164867,-0.0261507109870743
7.0302099076295,-0.0283290166489788
7.04177136378275,-0.0305120262908604
7.00810415182921,-0.0268869747177227
7.04691655231631,-0.0285824241976102
6.97057471669593,-0.0283884716576328
6.98878458554464,-0.0268229248992447
7.00918979977657,-0.0267566101068115
6.98123663266321,-0.0259886170463611
6.96970894495036,-0.026538848871997
6.96626276593497,-0.0279326425988312
7.01046096686808,-0.0259119777910497
7.00985265142634,-0.0282718796112357
7.00027829230556,-0.0254352359289783
6.98688377947639,-0.0271161656752819
7.00042826866996,-0.0264685655317844
6.96386908035706,-0.026361527216488
6.99387928831536,-0.0267136291519264
7.00872111099425,-0.0275721722543855
6.98376076724589,-0.0270570322537631
7.04739824119447,-0.0286493304320733
6.96070306112327,-0.0252082178333183
6.97413872869748,-0.0271491871902656
7.0527754673269,-0.0299021927000594
7.0241495457867,-0.0289513697271954
7.00295312511151,-0.0267327973912536
6.96003683835717,-0.0268580902504319
7.00411949097728,-0.0263592420464179
7.03658400721126,-0.0270295322970862
6.98588412233732,-0.0258718077090831
7.00673747697912,-0.0275233506540035
6.99425002012986,-0.0261565206681747
6.9537771802785,-0.0252184317203895
6.99743671102953,-0.0254458276620557
6.93475708006156,-0.0254162668219914
6.96714373900622,-0.0255933920107263
6.99351459746758,-0.027589815798069
6.99319138238082,-0.0284661737124942
6.99025212008153,-0.0272649827360791
6.96962960545301,-0.0259957378474616
6.96740849644386,-0.0264757205906936
6.9486135272069,-0.025284923630724
6.97648752296828,-0.0248381996260049
6.97603456270775,-0.0266176141674888
6.97956637609736,-0.0270104912390577
6.98666169335885,-0.0260995491900473
6.9547854571555,-0.0257306602273281
7.0479750489458,-0.0286570416964271
7.00388694925832,-0.0266792970192692
6.96061946694189,-0.0265451909915519
6.94722099155951,-0.0250021644549286
6.92075409149164,-0.0265976458708965
7.00197530180255,-0.0282645373080146
7.01905357649496,-0.0300636418910013
6.94154920056808,-0.0261183953578112
6.97976909079275,-0.026530200456176
6.98560749833879,-0.0270995318877657
7.09819315189632,-0.0302503471789403
6.99262612495594,-0.0258658039169809
7.10036908389011,-0.0323297236409369
6.97282115392363,-0.0270972385297064
6.96923698731515,-0.0262604812228812
6.96114245350423,-0.0271630695838934
6.98173474177911,-0.0259975351850579
6.98718808297108,-0.0271501719663723
6.99287745984197,-0.0271797948341869
6.99265283367289,-0.0265327824610438
6.97267677754677,-0.0261429409408164
6.96071712999323,-0.025632567806383
6.99913531481785,-0.0273861406381193
7.03862539321448,-0.0278929224064925
6.97002219980193,-0.0260785864142132
6.96272710583481,-0.026380460371411
6.91896117043873,-0.023766252645382
7.0272628060639,-0.0277055910448404
7.00453684261684,-0.0279282717527937
6.96980463788764,-0.0267699675206524
7.0411600653239,-0.0304940788108293
7.03066161509845,-0.0274466398966494
7.01363252380545,-0.0265473103093843
7.04801592900877,-0.0295478488653006
7.06061543364276,-0.029294628212886
7.00925992171869,-0.0266338215054087
7.01670392311367,-0.0277021379398054
6.90927428677769,-0.0239865996387227
6.96479438455759,-0.0266565175005399
7.01853473092096,-0.0281000178967227
7.00735121908749,-0.0261789615915544
6.97893884645054,-0.0271606098340261
6.99594480304116,-0.0261854725286986
6.94280809596453,-0.0245539389976277
6.96110814949928,-0.0246884705119218
6.998105301497,-0.0273266085919544
6.96711516466318,-0.026363053850488
7.00863682857219,-0.0260660496907232
6.93387736975258,-0.0254530756441444
6.97365579215674,-0.025438605992642
6.98107323168108,-0.0270600629705112
6.99382836721681,-0.0277769919317227
6.96489310908276,-0.0248257409081054
6.97671211941239,-0.0276799521923821
7.06985503827491,-0.027749367483079
6.99159751682566,-0.0276266451711774
6.94893240017043,-0.0263230861846903
7.10427750311741,-0.0317198809735195
6.9600596999086,-0.0262101156487453
6.97493450844826,-0.0266172342471442
6.97984910824363,-0.0256332703021795
6.99259269999649,-0.0274365914157627
6.98672964446403,-0.0272093134013504
7.00945888788872,-0.0275305942537776
7.01458189668772,-0.0277313533727475
7.01754586748304,-0.0277155795091489
7.01955404374126,-0.0280956015985485
6.97271602212341,-0.0271486705531263
6.99675451201637,-0.0261860133184024
6.98498719444541,-0.0274895037465433
7.02838780149337,-0.0279560423855222
6.97376531029572,-0.0266710400952559
6.97836774007068,-0.0272464778551564
7.00684662770787,-0.0274081124103127
7.03548595079825,-0.0288419885250237
6.97955813112131,-0.0259507418987268
6.9907040720726,-0.0265133197472998
7.00856377254118,-0.0282708175425255
7.00408706179927,-0.0278324754432012
6.95554556735516,-0.0259740052911319
6.99395316298587,-0.0254938981873961
7.05668333092538,-0.0299855758226153
6.97210235286095,-0.026198384382496
6.96340248492634,-0.0266021943894473
6.97898650352819,-0.0257896223067184
7.02202583070812,-0.0282447012455862
6.99426668017735,-0.0281804864522944
6.9431526328572,-0.0260806217014532
6.99112689894106,-0.0255061533982858
6.94035547217287,-0.0259185444170439
7.013984710141,-0.0277792178462693
6.98747851102107,-0.0260271963872343
7.07995412793979,-0.0325763113002298
7.02109001752952,-0.0287040631066167
7.0350720692272,-0.029531815719391
7.01258656126148,-0.027845772435582
6.9956200589334,-0.0285878154536964
7.02265577866938,-0.0292594844267373
7.01432626336595,-0.0275873075393445
7.02269572626438,-0.0284029318650513
7.01714201249557,-0.0284946559959329
6.96443989241974,-0.0262811395913313
7.01920038036592,-0.0298504531482528
7.05530469214305,-0.029871767091058
6.96032342617181,-0.0258966988388006
7.00552851745444,-0.0284456818024435
7.02969749484283,-0.028594382712795
7.04137747798248,-0.0276143934691385
6.97430763525139,-0.0267788486898476
6.9838992431627,-0.0258690241498121
6.95719153484842,-0.0264354072083552
7.03083616308938,-0.027683873779194
7.03118992275115,-0.0294290316055998
6.93235513177418,-0.0253443695333217
6.94917019604133,-0.0249236321877002
6.97282399217503,-0.0253836058738381
6.97761319643263,-0.0270265120799257
6.96037599437305,-0.0249282929531665
6.9391310694117,-0.0260705399678479
6.98670098459774,-0.0280018862330099
7.0020951245533,-0.0269145168716901
6.9884710945215,-0.0272404446728304
7.02105813570664,-0.0271707565830002
6.99443063960961,-0.0261239147477607
6.98435995379664,-0.0258428157193269
7.01164228350739,-0.0270658769353899
7.0167203359608,-0.0274224649486385
6.9868557844091,-0.0272418232520459
6.97356684728198,-0.0253254145739431
7.01387180427198,-0.0282977804571564
6.99235210710595,-0.0289291591508923
7.00435728231276,-0.0258594761070493
7.03657114701064,-0.0280541807264436
6.97728831310734,-0.0270466956945074
6.9498593458562,-0.0251830143893709
7.00982151362475,-0.0279462746349223
7.02749800288681,-0.0279164548985544
6.99685148749007,-0.0282270659164409
6.99174333742455,-0.0263559605709023
7.02100967748612,-0.0274703678405351
7.01578915806777,-0.0285685724233508
7.06399304667306,-0.0298190633283581
6.97585593242226,-0.0275534223241846
6.91790893380941,-0.0250335176925908
7.00990670797198,-0.0265143176066701
6.98415489296748,-0.026818976160414
7.02618362416674,-0.0275405170659443
6.99167710531066,-0.0275166639084414
6.95055411998314,-0.0258145745642148
7.02232701879249,-0.0275502754555363
6.96205534919674,-0.0250932711871131
7.07604592798017,-0.0302246374084623
6.98423109101593,-0.0261809075663913
6.97175557209024,-0.0283498611270511
6.99708095594962,-0.0277649506440945
6.98136811941784,-0.0270690733392009
7.02425814411389,-0.0287852670195278
6.98899097623923,-0.0283831192551981
6.97138606311646,-0.0257932166511767
6.9697861281029,-0.0264035196934649
7.03016682283128,-0.0288389442366568
6.96756485986075,-0.0249072617330557
7.00339851482804,-0.0284429873344865
7.01640873490038,-0.0270700988496453
6.95725343294284,-0.0262247173293883
6.99251266556872,-0.0272992264681209
6.95958457234,-0.0260134893961394
6.99336105213261,-0.0256199990670149
6.99973646928924,-0.0283393461943645
7.03607139052342,-0.0257918279495726
7.00753075966602,-0.0271007551135837
7.0039840744964,-0.0273616704746162
6.9653843157118,-0.0251363967411713
6.96664949936249,-0.0259527288693074
6.9941432855574,-0.0276308651711607
6.96757090436171,-0.0260404039368039
7.01266433211777,-0.0264979785924599
7.00428025983556,-0.0272764619809951
6.98219775997274,-0.0270580687828867
6.96238511014923,-0.0253889482557992
6.94158898084895,-0.0249668453696069
6.97402727020061,-0.0276275731206366
7.01071557119447,-0.0273740244335619
7.01737955850086,-0.029817547651201
7.01760926620059,-0.0277676245189684
6.97649892997609,-0.0258295414193026
6.98931472920413,-0.0286779852914324
7.02588048813998,-0.0279919448360564
7.01075804342992,-0.0272068905900753
7.01885960707792,-0.0260850046306836
6.98679292348827,-0.0263910022017935
7.00196224564423,-0.0260435329413603
7.03218983194925,-0.028270552740071
7.01279870945891,-0.0282816674088938
7.05356565820326,-0.0305816573265177
6.99055400341735,-0.0276664139659254
6.99469798803621,-0.0272596173825716
6.93558418886765,-0.0243432831613266
7.03910439671982,-0.0293444901217378
6.99712564317849,-0.0279287160542111
6.94968852597524,-0.0252719977116411
6.96443729699727,-0.0251188686660299
6.98360960889962,-0.0268572395121511
6.99730831905219,-0.0277451846822819
7.07650008429713,-0.0296408414264923
7.03533880775282,-0.0279312936232365
6.98025456411026,-0.0247931229712345
6.9270094392428,-0.0256300292624479
7.05199541527949,-0.0299046582828483
6.9911651585005,-0.0264489157175031
6.95567475345018,-0.0265150239619469
6.99097605090001,-0.0274812750397086
7.04396861533317,-0.0289868844258348
7.0363630488768,-0.0287237167192408
6.98675305020981,-0.0262637734591889
6.97308994482228,-0.0280738462153323
7.0265484966483,-0.0289188363555544
7.01012546335554,-0.0272220335698994
7.02232895586208,-0.0272059675432593
7.01450601828438,-0.0265542030149498
6.96308728532192,-0.0276730728858651
7.00797579225867,-0.0269829233788098
7.01018296187884,-0.0270486803694503
7.00054703513283,-0.0264065707570787
6.99301738611414,-0.0264445985627858
6.96135310741442,-0.0267748042693266
7.01204073891474,-0.028177471852869
6.97045520408926,-0.0266134214606781
7.02840243142423,-0.0278131722602246
7.0047316370319,-0.0269787331781406
7.0172870493747,-0.0271706928915958
7.01755033357539,-0.0267690254584051
7.0605983851035,-0.0287565122569639
7.01218937902482,-0.0299357254465561
7.00993135747268,-0.0278826950863505
6.99023167696716,-0.026419788712712
6.96612761690073,-0.0270123184990087
6.98357251815111,-0.027366083619563
6.94351709676039,-0.0257710173001958
6.9660178327802,-0.0263304489282231
6.96600160988157,-0.0274029355341026
6.99840384239261,-0.0266335774428825
6.98332950252612,-0.0272878812048211
7.01822349286774,-0.0290115114394621
6.94217149099775,-0.0248463226368612
6.98225827009482,-0.0275825399288151
6.99456085083403,-0.0254907821660212
6.96688118952067,-0.0261795438760108
7.04620034856785,-0.0303039536635353
6.99784454672625,-0.0274351418837041
7.0505625985176,-0.028476367342072
6.96594771466301,-0.0272803759642394
7.01706825969718,-0.027580599735976
7.04463341468154,-0.0289741565724698
6.99433765697499,-0.027624923691987
7.00489381222314,-0.0290325217923817
6.99217441262903,-0.0270576262762693
6.99049569811796,-0.026808507477072
7.03228617011755,-0.027290422012608
6.97932670934009,-0.02683924031344
7.03757605471862,-0.0301135672904767
7.00257695048745,-0.0282862009376724
7.02364524900136,-0.0283296362381466
7.00385746860131,-0.0280258454679336
6.99892360761733,-0.027452175675983
7.0016455177566,-0.0284848453129462
6.98726217619083,-0.027624942980298
6.98074632330187,-0.0263188235566337
7.04138461679411,-0.0260476457791483
6.97212764639765,-0.0273644660410545
6.97497684700832,-0.0265330698918792
7.01138432077261,-0.0276993590356188
6.98924760728999,-0.0276409215905046
7.06602464296329,-0.0289417993310057
7.00963763772363,-0.028091223371334
6.93791623747786,-0.0256038645962919
6.99006657896891,-0.0271598560432448
7.02202159987271,-0.02786615051999
7.03791333616434,-0.0299871046604425
7.00012582953303,-0.0261745370760708
6.97966412807946,-0.0240634434260313
7.0190028243419,-0.0276886622112311
6.99410752901454,-0.0266191746945291
7.00467623415322,-0.0278604158290495
6.97853861966973,-0.0269726686490624
6.98167391836902,-0.0269918698036247
6.95489192909959,-0.025066716070167
7.0017007037453,-0.0269940158311851
7.00114743887362,-0.0279645555812124
6.96961392634172,-0.0247010748261104
6.99900549629503,-0.0268431774894304
7.02801911428782,-0.029385087785632
6.97620932280543,-0.0266336078908521
6.99619299789941,-0.0267858377493502
6.99321118532466,-0.0271647153134913
6.98425930722822,-0.0258672307077614
6.94451579459175,-0.0248581767162908
7.02219487490325,-0.0275541611460422
7.03283527303791,-0.0263332805905668
6.9792346695789,-0.0268583459802213
6.97938598720201,-0.0262587489550593
7.00954566268827,-0.0280230325993033
7.02459157760286,-0.0290636726161089
6.96577535174112,-0.0250340746618977
6.98192786570477,-0.0265165034934055
7.0163910223675,-0.0273544187110164
6.99079078262451,-0.0279015706947984
7.02630739922295,-0.0271602362907106
7.01581215271609,-0.0259608033459511
6.95019456714792,-0.025175565427653
6.95620753336103,-0.0248101004146261
7.03925665152774,-0.0268731626671387
6.9727213614165,-0.0275456254679631
6.94503122608094,-0.0241584630675302
6.94629789737383,-0.027138631238578
6.99348918671118,-0.027599418986527
7.07795097665013,-0.0304125777438484
7.02509262205321,-0.028382817997797
6.99628271458851,-0.0257746918271699
7.06551278110825,-0.0302560402600464
7.03606042231383,-0.0296314940727396
6.98101088587404,-0.0258822031486687
6.99370336825046,-0.0275264045459697
6.98701085899377,-0.0263823637232004
7.03880685605568,-0.0269556829619653
7.02175423704728,-0.0279612489333791
6.94609359139474,-0.0271109410420863
7.04939233120367,-0.0288213046634789
6.94834699491917,-0.0254610132022137
7.024021472587,-0.0278007940423913
7.00057617759008,-0.0265470346906342
6.99441467457898,-0.0271357012423075
6.99218330951235,-0.0269429995597357
7.00122204257798,-0.0283748109591601
6.98171500436797,-0.0277235901829783
7.00354566100777,-0.0270303628079661
6.98863613079999,-0.0284499297079315
7.02469765329475,-0.0275634010725257
7.00192976410774,-0.0268873400824353
7.05242140590243,-0.0290474699838566
6.99722641641436,-0.0287254687484221
6.99239097393548,-0.028227273174187
7.00213525667482,-0.027826541428362
6.96140990528084,-0.0253380265165038
6.96377620521767,-0.0266523734609464
6.94581241185538,-0.0256543787881054
7.02190653172132,-0.0269539625745811
6.98366167545913,-0.0269645133508946
7.01842551378836,-0.0281254228507217
7.0289056947508,-0.0296473249182619
7.04116157231378,-0.0279400442976851
7.0416585126057,-0.030653785384892
6.92207119089496,-0.0245704646558932
7.02980219682737,-0.0275343098976899
7.02314968407906,-0.0280034300175211
7.03051457072566,-0.0289153365852842
7.03127974505009,-0.028382103360357
6.96867423623436,-0.0275737085112501
7.01625898767711,-0.0277142588797796
6.93857331058716,-0.0249150000108615
7.02284675162404,-0.0288184671343932
7.01057948604615,-0.0297239128473319
7.00858651571058,-0.0273991263257335
7.04533767536174,-0.0273489293641687
7.00114125400624,-0.0280700547520942
7.00086977232313,-0.0271302424136104
7.01799250559238,-0.0278696153984332
6.98371471582818,-0.0269621199850417
6.93716151166214,-0.0250973689367236
6.9801046843816,-0.0274052329714808
7.00708532299208,-0.0279573469273027
7.0242973164085,-0.0298020279778736
6.98990389786639,-0.0268620898603874
6.97999660653416,-0.0254953347760661
7.0605158193898,-0.0270208473693696
6.98670934469169,-0.0282406026384046
6.98895716517465,-0.0276573743174402
6.98384673876735,-0.0270268367117123
6.94230667252808,-0.0266913302595346
6.97838531811435,-0.0267319056960316
7.00735337019637,-0.02769127917643
7.07036823716864,-0.0324698339983912
6.96231178236635,-0.0252785727283113
7.07590621396886,-0.0312376032835325
6.98545077607953,-0.0269729941805923
6.99390327427689,-0.0275352885692111
7.00976103923482,-0.0278002136345669
7.00829582454426,-0.0267616321676892
6.99861354631952,-0.0285763719317963
6.99737606665214,-0.0273589904833915
6.97673510111734,-0.0272012767023951
7.00392341096759,-0.0281664836458239
7.02066392709586,-0.0277821728375179
7.01076574552594,-0.03034842376665
6.980461490571,-0.0273056852205237
7.04598404107869,-0.0290400614968157
7.03525079890502,-0.0270787355230471
7.02823505189905,-0.0269530107817842
6.94530538401477,-0.0247617054346437
6.98456728434894,-0.0270904486841509
6.98858575789324,-0.0263863359443274
7.05570714480639,-0.0293366112294461
6.98883697641632,-0.0265269836961232
7.00500017445949,-0.028254550581872
6.97030632314928,-0.0261861347383842
7.02390200717515,-0.028181552730732
7.07456833987543,-0.0300230433473617
6.97265841881933,-0.025886731549455
7.01747618427541,-0.0279541800803709
6.97528714812174,-0.0269020321244304
6.99813406716522,-0.0268838781647616
6.98858898866388,-0.0273081615460831
7.0136024559356,-0.0298312015219404
7.1184084315772,-0.0322300639426049
6.93498512759203,-0.0249650380874218
6.992772232946,-0.0264895672879934
6.9973022118962,-0.0251131753259192
6.99190310817207,-0.0270692353466618
7.03054603159992,-0.030165385109611
6.97230354780405,-0.025876152229323
6.9994516936171,-0.0277842914977537
7.04830132153279,-0.0286070566425225
6.95180110363009,-0.0249635847506136
6.97609970681624,-0.027688399244281
7.02162506670955,-0.0283043809273789
7.01725863845952,-0.0292713689102836
7.04915339076577,-0.0302271240252692
7.01077503949832,-0.0258567427440547
7.00323177352936,-0.0301979857592877
7.04021031645738,-0.0287140855488395
7.05048000072913,-0.0292499193005239
6.94230045113668,-0.0253579886788043
7.04647818017219,-0.0272692034319397
7.00651958981621,-0.0265276215858465
7.0011372274553,-0.0284513987839318
7.07661963599003,-0.0313890626888559
6.99131560466007,-0.0261199230152384
6.95280803040916,-0.025289955631648
7.02070674745676,-0.0283434208552138
6.98900458844284,-0.0267959864223524
6.97934709948165,-0.0272329640408038
6.95061622306273,-0.0257826712092114
6.99641761434068,-0.0265898906608622
6.97305995714218,-0.0273807352505989
7.00316039840658,-0.029129698246336
6.98161033846713,-0.0262608989358441
7.01401086012152,-0.0271255498977485
7.02326525271254,-0.0279064852758299
6.95543062908992,-0.0265539495544926
6.96105827599106,-0.0254463145180888
7.00981713168519,-0.0276775259717406
7.01790351945544,-0.0281663647598655
7.0016765476421,-0.0267559690371623
6.99164976249906,-0.0270410064447969
6.99470540178693,-0.0279028733688778
6.99257318009965,-0.0271236034229262
7.05058020920099,-0.0280152564473554
6.97477396335339,-0.0262806081186871
6.97957476109775,-0.0264825691837646
6.96190646722529,-0.0275434506804551
6.95774869954896,-0.0260024071914524
6.98524192644398,-0.027155019004279
7.04207156445899,-0.0310249896823781
7.06432303705054,-0.0311263973912189
6.9147485142995,-0.0257517014722496
6.98578806206894,-0.0262394897273724
7.07163434375062,-0.0299223204343757
7.03752538556647,-0.0265579378422637
6.96757324151302,-0.0266064210282778
6.93394423093097,-0.0243118213165143
6.97256235485552,-0.0266887176172054
7.05411566594677,-0.030270824858875
7.0405326202802,-0.0293200411138301
7.09985526426807,-0.0330241776693331
6.95042947227046,-0.0245595895510256
6.98724755547367,-0.0277567928936444
7.03055115765026,-0.0275830073140436
6.98836670863544,-0.0291310988731786
7.02985585934651,-0.0275760687016139
6.97825762912565,-0.026703001813064
7.01343668535149,-0.0278304637864363
6.95943919064113,-0.026533228021778
6.95102990641322,-0.0263094016942803
6.92602494631017,-0.0251367574217978
6.93541047747266,-0.0252459186834905
6.95327927134095,-0.0252894256960979
6.94940415384815,-0.0255031398251946
6.99279276238417,-0.0270143528936493
7.06915280962395,-0.0312325442679253
7.02738954490687,-0.0260926824877761
6.94426761852908,-0.0246267744814238
6.93113865814846,-0.0259181861639006
7.01225077165089,-0.029351385477744
6.93969186693298,-0.026397279009856
7.01334860950008,-0.0272744931785379
6.91869400005227,-0.0239079301100607
7.09632133766396,-0.0343219689286017
7.00390016434024,-0.027417671366566
6.99293639074186,-0.0276263006558352
7.02345579389875,-0.0261192811057846
6.96955110046152,-0.0257692086232091
6.98380335357804,-0.0248253523791654
7.05030243645767,-0.0291135948640051
6.9622155959105,-0.0266536844185717
7.01905129371907,-0.0272043872804229
6.9441609618229,-0.0251210015402235
6.96329277887854,-0.0258226194653109
6.98426063420692,-0.0248775755272738
7.01952173824869,-0.0276517493021468
6.99051403660195,-0.0268556952082495
6.92160288762898,-0.0251725059313051
7.03079626791906,-0.0276778191492787
7.02094696273733,-0.0284367556954697
6.94962566102402,-0.025938378904273
7.04354521427391,-0.0287064715309597
6.96633638113763,-0.0271938435419966
6.99088453772259,-0.0265028965831891
6.94057372134874,-0.0238518426085044
6.99502796253149,-0.0275515728232383
7.0004856619006,-0.0267181639893555
6.99204678745974,-0.0266730834071087
6.95665352137531,-0.0252701242377755
7.00556915779184,-0.0280429984538952
7.03404526491817,-0.0278260381128577
6.98679824804239,-0.0301173656167066
6.96371936949952,-0.0255764297540301
7.05864665224245,-0.0287587500249432
7.03139880221264,-0.0283409653347754
7.00350007125756,-0.026463004648052
7.01696362730836,-0.0264335352471586
6.95954560184897,-0.0263031366385573
6.99954949979964,-0.0257559315167361
7.01518535297485,-0.0271922304978436
6.97877499458999,-0.0270722923238521
6.93368793121068,-0.0258911132181012
7.02846889094371,-0.0279121197692433
6.96244528956865,-0.0263662828192472
7.01347452508759,-0.0278088302480626
6.92417012529947,-0.0246530383702705
6.91853503497739,-0.0242717614021693
6.98217671542823,-0.0270916520517778
7.02119570557875,-0.0274836881124002
6.96646986224867,-0.0247915798200852
7.00376243709171,-0.027151787134566
7.00765990003702,-0.0261886623604067
7.03696677791464,-0.0272174564910664
6.97423651778762,-0.0268839268505813
6.93760273139129,-0.0253022356583099
7.02381881779097,-0.0292469768404162
7.03905477752958,-0.0282102628934002
7.00163472634221,-0.0274097099104563
7.02401774423896,-0.0281530766424582
7.01120084720344,-0.0266493527096522
6.98278979291592,-0.0253421439800254
7.06328824573132,-0.0306711841779748
7.00181684100157,-0.0284033748513566
7.04874040873702,-0.0275995194794401
6.99950419176966,-0.0261798906396855
7.01811270380256,-0.0272360542278782
7.00573610610878,-0.0283590407638141
6.9675451800777,-0.0268085455151658
7.04817584983786,-0.0269487611196812
6.98726402302809,-0.0267176219488382
6.92905073437784,-0.0246797368601153
7.03489917266173,-0.0296139119932655
6.93258374579465,-0.0244497529046755
6.99425753308583,-0.0266936240476001
7.03065541287693,-0.0276783960024667
7.00208532807364,-0.0279527207300552
6.99561150178645,-0.0285544163996011
6.98131028134042,-0.0267702281313591
7.00590954438798,-0.0267918692227197
7.03305420866423,-0.0298923901097752
7.02823032608442,-0.0261631973976544
7.01948957012245,-0.0281472754442553
6.96047014817053,-0.0271413168008958
7.00067286038288,-0.0274029687432812
6.99575547569228,-0.0275084741061615
6.96226558668263,-0.0253915089060325
6.98438349359527,-0.0262058464748693
7.00573157653088,-0.0291792843359518
6.99325169118589,-0.0271695839699635
6.88169168407414,-0.022419568529268
7.00319797335162,-0.0270960399779982
7.03294133117842,-0.0274148543493584
6.97666685195014,-0.0258221158342279
7.02801042095261,-0.0313196817862492
6.94291308516906,-0.0256210978873889
6.90741262736818,-0.0250032290583409
7.03666231329035,-0.0297926107861387
6.97492908271108,-0.0259206724072184
7.03618837496634,-0.0282075119460473
7.02188555792214,-0.0280075784732213
6.99235780377664,-0.0272894702287764
7.02069862107608,-0.0274245920452057
7.00029416039826,-0.025262488738374
6.95722619869173,-0.0257166735461839
7.02076171228322,-0.0293279871954109
6.94735188213951,-0.0271469395152172
6.96413299052553,-0.0264217886056253
6.97051899467936,-0.0271662217268185
7.02026650854624,-0.027164811704353
7.00269742210338,-0.0276234537224432
6.98686255284313,-0.0279931693658503
6.96972701174547,-0.026107805478137
7.01641472114562,-0.0274819415424783
6.99922551219896,-0.027658374431033
7.03389003505821,-0.0283634144737222
6.99847047618151,-0.0261098194384988
7.03347451202858,-0.0295618787182572
7.03672332516228,-0.0272313037975943
7.02403760092405,-0.0286919298143925
7.02721797193765,-0.0281150283288402
7.01123098951114,-0.0287166776192326
6.97646420307705,-0.0273299494997035
6.96343238447775,-0.0249546561105474
6.98493570613965,-0.0289423075389312
6.95624367997045,-0.0260873670872878
6.91331844623454,-0.0251961164537399
6.95610141843413,-0.0272267160775224
6.96048117961532,-0.0250425597139444
7.04011912927437,-0.0283450158912998
6.94768764276556,-0.0264036116374675
7.01079380588157,-0.0279588657252799
7.0293784989104,-0.0286519219407283
7.00264824143781,-0.0271338813920212
7.04082796199154,-0.0297911220840552
6.97910477529003,-0.0263216854861713
7.02888508433517,-0.0278979695767522
6.98626852597911,-0.0278253804886142
7.03896313054461,-0.0280656769592287
7.01527825694507,-0.02789299494533
6.95729325945979,-0.0259057542283249
6.93435254081098,-0.0265818722092865
6.99079047266845,-0.0264877001976934
7.03761522737347,-0.0294763982983267
7.02836892153874,-0.0304761730731602
6.98755326300723,-0.0274223268884926
7.04486203451636,-0.0277088940346659
6.98057377975809,-0.026131025133522
7.00842796709337,-0.0285746414848923
7.0157602410587,-0.0270098501714227
7.02745373932494,-0.0284049388086399
7.03526458770505,-0.0284170869507194
7.04363313752738,-0.029233246564099
7.01184678741813,-0.0279247683657645
6.97016921365474,-0.0252734370870942
6.99369018912564,-0.0290387347394238
6.98997128226283,-0.0280127226818624
7.00745743493373,-0.0276046807260532
6.98310858533836,-0.0273251641651358
7.06097993393261,-0.0285795110441732
6.99767372904597,-0.0266019252112267
7.0095428028744,-0.0271000494636843
6.97335479000176,-0.0275588615335323
7.02909012481472,-0.0294832076986088
6.99705433341226,-0.0264504889247774
7.01438457022227,-0.0267221453537691
7.03932330661597,-0.0311712336479876
7.00920922022924,-0.0281216355142589
6.97484819176197,-0.0272101448442682
7.00449327619694,-0.0271463020036143
6.97867181550057,-0.0265982505422072
7.00295960747381,-0.0267447909883668
7.02316709646816,-0.0294082537319393
7.03828251726587,-0.0292609111160606
6.92745915352878,-0.0248010839018067
6.99172304712172,-0.0252627213005993
6.95356978070056,-0.0258805076505119
7.02962618114806,-0.0266536470452546
6.98862495061139,-0.0278418550572063
6.98961581226182,-0.0265575740324324
6.99831181394186,-0.026794481985072
6.95326361142772,-0.025901202193527
6.98821885577344,-0.0265384332892801
7.02978633788419,-0.0283622977746547
7.04158284335655,-0.0288830979850579
6.92385726524204,-0.0255539732230694
7.04115982028046,-0.0313531294534403
6.97783334611551,-0.0277707062223256
6.98083942119544,-0.0275491523076394
7.00892667639907,-0.0303381303987138
6.95421468431149,-0.025475632986855
7.01400130115342,-0.0281516001909374
6.91960208074888,-0.0241580917705072
6.95261873856534,-0.0266252620774311
6.9665759220289,-0.0260118174047842
6.98878446912437,-0.0270453947349994
6.98738251426257,-0.0278001666066951
6.98575156076729,-0.0275649360956379
7.03149943292677,-0.0296030399143757
7.03370440202231,-0.0286468233211418
7.04602502529352,-0.0272057852426571
7.07156930290913,-0.0295362347991815
6.98890519320224,-0.0283484421937871
7.02119521282508,-0.0276618234473468
7.0028075927255,-0.027947220886096
6.97967599669443,-0.0265748467893537
6.99972750408895,-0.0259024263076823
6.94579758108431,-0.024601504759005
7.06236156745885,-0.0311636460860575
7.04556244354555,-0.0277176114772344
6.97181695123027,-0.026062397579356
6.9969923579096,-0.0271860634399525
7.0072522868353,-0.0275309427607028
7.05036158810072,-0.0296821280510969
6.97155721572553,-0.0263914589265697
7.06273332211566,-0.0296922974060896
6.96613329346811,-0.0261599129584122
6.98748857773301,-0.0271836192056689
6.96159784167526,-0.0261493558370451
6.97787674067251,-0.0264224046727697
6.99431875488789,-0.0269701002187552
6.97320136058734,-0.0280356730050998
7.02463274033548,-0.0274747817240803
6.99571161009137,-0.0275671061358856
7.01574404426072,-0.0288491236766078
7.01835068594701,-0.0256323993356131
6.93554033763741,-0.0244626460179858
6.98771992662439,-0.0269694071781211
7.01184057536086,-0.0282241650640522
7.00580886146874,-0.0261106400225176
7.02938987123564,-0.0269103855215399
6.95930444985271,-0.0252716447247242
7.03135250508749,-0.0266613313952281
7.02879598104054,-0.0272223138853531
7.00986111692637,-0.0289895592750326
6.99884525470501,-0.028200245416902
6.97736220531566,-0.0271556613890211
7.00261962366889,-0.0277077719114329
7.02578062509293,-0.0274778171530347
6.96456299137634,-0.0246248277210351
6.97277855529936,-0.027046536894827
6.99514144581117,-0.0274123422274822
6.96475992940329,-0.0243500373198445
6.98452733309349,-0.0246850896486321
7.02163785104933,-0.0277017424867127
7.00460344250284,-0.0294324051323183
7.0152357606307,-0.0282592222236821
6.99789142007798,-0.0272291807367709
7.03226162456492,-0.0269695584290267
6.99469970749483,-0.0272655122576315
7.002607966158,-0.0284987252352914
7.00235652336711,-0.0291078251382323
7.02812880241948,-0.0281030144361943
7.04572961210447,-0.0291427370803672
6.98932833861103,-0.0260285650949999
7.0115646254862,-0.025287154951463
6.98502064096571,-0.0272528947015714
7.03715897805627,-0.0289071828426365
6.95906517316669,-0.0256039689741323
6.97940846575558,-0.0255141309334581
6.96538273111205,-0.025324153847561
6.97005618131722,-0.02671138798023
6.97158830882548,-0.0256331786234785
7.04321585097602,-0.0297800816953403
6.95726683575273,-0.0264562715570955
6.99347725318654,-0.0270167780836347
7.01288937349503,-0.0272345519090934
7.01654404097822,-0.0285282708936373
6.89556041037331,-0.0261447039053077
6.96140128616154,-0.0279816451880608
6.96366062605455,-0.0256177899610979
7.03280265794626,-0.0281466995083006
7.00276136026955,-0.027916022854666
6.94766397209457,-0.0254095641441233
6.99480357574996,-0.0261522288480169
7.01847657707189,-0.0277993249728659
6.98115865877463,-0.0267529942932104
6.97424227788578,-0.0267032252058274
7.01602021229105,-0.026276812046315
6.97345393675715,-0.0250645878437106
6.992356596516,-0.0270629971378288
6.99386596711919,-0.0272117123932173
6.94905054054603,-0.0265637760379566
6.95423362445125,-0.0266179663441538
6.99119903627545,-0.0271953565537394
7.05129257432076,-0.0299478206264518
6.9765949715236,-0.0274031534827316
7.00055428078562,-0.0266770193483392
7.00590390304044,-0.0289727545386394
7.02149364188405,-0.02813179033579
6.98650458069814,-0.0275342862611138
7.02697529097089,-0.0290201214401683
7.07128741498465,-0.0287888185036351
6.99600276688717,-0.0259369660310125
6.95629334117184,-0.0255483102626509
6.98232896523889,-0.0279581315929886
7.0288449954454,-0.0298291468126002
6.99413110794614,-0.0247139549783184
7.03589477531965,-0.0286760706224544
6.99605019168725,-0.0283897141495429
6.99775752196863,-0.0270994917750691
7.00108768014569,-0.0283543603003212
7.04453470601977,-0.0291303420531471
6.94566705422261,-0.02402917775088
7.00835151213542,-0.0270068511588678
6.97789433725516,-0.026122637961934
6.98406987239578,-0.0248623804945081
6.99944043134666,-0.0272347377350002
7.00849032285837,-0.0289250879582164
6.99404355376537,-0.0281237635067121
7.00049734960208,-0.0295706205313542
6.97968332426069,-0.025198560248549
6.92977843840888,-0.025098037641323
7.01952866166954,-0.0287173553009412
6.93023407544873,-0.0252362281612385
6.96659340105502,-0.0262364477466445
6.99481397342921,-0.0269552682338271
7.04911926704809,-0.0326186937428583
7.05810340015313,-0.0287818992293876
6.93351916504654,-0.0258020783968622
6.96268613172978,-0.0273612245785508
7.00753301546707,-0.0296765606664557
7.05915354577612,-0.0307902254294616
7.01407638269482,-0.0277922379421775
6.97221162156205,-0.0280087396538562
6.99776594321292,-0.0264977809026826
7.04304242344641,-0.0283690651874961
7.04674376230632,-0.0282920503718483
6.9780083719786,-0.0282806794677134
7.05356807982964,-0.0270079973048903
7.01877571079216,-0.027257623100141
6.97360102213361,-0.0248621347477477
7.00135468202132,-0.026772025703352
7.0008083650303,-0.0266989130363167
6.99501280460745,-0.0279085418153614
6.9711516195404,-0.0269423296344867
6.98646292811763,-0.0242789547964075
6.8893029889878,-0.0241775830710966
6.94530102129976,-0.0259694510301874
6.997729799666,-0.0258527356801238
7.03126156840175,-0.0281983687294676
6.95805999849556,-0.0254592416748098
7.00043628552401,-0.0266186210610611
6.98587137336563,-0.0280007690202349
7.04174414115956,-0.027827781748242
7.02349205208962,-0.0297055146180159
6.9734876475395,-0.0278180188389704
6.98876110548315,-0.0269792861405234
6.95737808226584,-0.0268734797125976
7.0670687807225,-0.0296391374199341
7.03118773176837,-0.0296548729683955
6.99008755181148,-0.0275557787189792
7.02023149435941,-0.0273314215862915
6.99963446479333,-0.0289269866696057
6.95847447360684,-0.0249687044706315
6.97729710162835,-0.0268727900783165
7.02292418986244,-0.0277110070761036
7.00067851537232,-0.0258216479536595
6.99882363721466,-0.02729529930986
6.96293521327964,-0.0246933253279736
6.99986698966427,-0.0272958667548451
6.99223504986663,-0.0267985559900635
7.02057454527931,-0.02892580181534
6.97659336850354,-0.0266146187183774
6.93601695500385,-0.0254641012046425
6.96260553608072,-0.0266943980855392
6.98043464084995,-0.0246986334265518
7.01803653587767,-0.0267687914435598
6.98360945647273,-0.0271737809747643
7.01630479603295,-0.0299975083840857
7.00313639841862,-0.0273958899084473
6.9563083995913,-0.0249798740512561
6.99097371229827,-0.0260926733516861
7.03115558173695,-0.0294036126052121
7.02148222120314,-0.0259192471442299
6.95308414220372,-0.0262248101871256
7.00997907142666,-0.0280192603646475
7.10898287668678,-0.0299898434675285
6.99407302821536,-0.0267851167070822
6.96186263597642,-0.0252353472952463
6.96538595557533,-0.0257704392880853
7.08672887703201,-0.0303410433732688
7.00162098579683,-0.0251709752644055
6.99007281037945,-0.0274046584206179
7.01641498026379,-0.0281975455009653
6.98401200410722,-0.0272308415002329
7.00054065119211,-0.027700625809858
7.03179979022229,-0.0281066334194596
7.02736245908297,-0.0266379210020805
7.01181742056416,-0.027727960488525
7.02431051390196,-0.0282679479395107
6.98302608509566,-0.0271239075015481
6.99104580278337,-0.0249229444488011
7.01825810218161,-0.0262259727717485
6.99022802999348,-0.0273120208787679
6.9877892509634,-0.027103901575047
6.97817199565512,-0.0276813751029261
7.01615419934091,-0.028116368144614
7.01860209020677,-0.0278823009126331
7.04702205233805,-0.0278037423013443
6.99739824076274,-0.0271621499006604
6.9473045394086,-0.0260172266279556
6.97892347112616,-0.0263282472135188
7.00110004408693,-0.0262093431350911
6.98623157943563,-0.0247023046863735
7.01684358214203,-0.0260731485460834
7.02988753326772,-0.0274917606816971
6.99389348264478,-0.0260297844664161
6.97334368231688,-0.0259116696471089
7.08579777953161,-0.0314960014115836
6.980327410143,-0.0280891012805452
6.95825367946323,-0.0264666700065689
7.01613438985495,-0.0274209349665786
6.96193102987046,-0.0245831740356461
7.04478975552417,-0.0290825746019697
7.0138741198301,-0.0288827802217649
6.98873851984543,-0.0279642365246093
6.95992239919557,-0.0251858606875088
6.99525008069114,-0.0258658936455167
6.98998187344,-0.0272378647024667
7.07732996816436,-0.0315407879297002
7.03738166199374,-0.0301894300616787
7.05714949543154,-0.0305254816832288
6.98039406610597,-0.0261919790093318
6.99585473316381,-0.0263028681779014
6.9473123221877,-0.0253326024937238
7.01822054861698,-0.0268167165914632
7.02310982227482,-0.0283593119902133
6.95807488086751,-0.026554328748499
6.97630750186558,-0.0260191332023144
7.01467499181128,-0.0286491316457238
7.02259228856886,-0.0293200319565612
7.02207573395143,-0.0274560616608918
7.0215714749397,-0.0291762623483396
6.99036903122247,-0.0266784683067583
6.98781267191894,-0.0261541726874809
6.98387229567389,-0.0260338174497796
7.05545863877092,-0.0270523682652357
6.95479622099356,-0.0250327349370703
7.02395336050087,-0.0277007290058471
7.02039830540894,-0.026373172598292
7.05600348077835,-0.0301700940403135
6.94249506154091,-0.0264829152474815
7.02552952347639,-0.0295893203910654
7.00308402825907,-0.0277122161912898
6.96273345129872,-0.0249662275829417
7.02571124128541,-0.0270119415322071
7.00326394390253,-0.0287839714032351
6.98138705917335,-0.0260296392697501
7.04759105757482,-0.0285864341484146
6.99764857410421,-0.0255323353091757
6.98831758597311,-0.026548828048772
6.92615149425059,-0.026787140687312
6.92555872603218,-0.0252372912884846
7.02190325671555,-0.0280458823462432
6.9548021017468,-0.0262221277878154
6.96508003658419,-0.0272112037643181
7.03856266418725,-0.0287374474291116
