"V1","V2","V3","V4","V5"
0.30416127352255,0.439915532287254,0.212939416384327,0.189582737037468,0.480959306288162
0.251726855629188,0.501210330815182,0.171383638862276,0.160417785465941,0.479841012377534
0.43414353578788,0.507327023374954,0.174434865996098,0.110519865726303,0.485387482019453
0.311474161532301,0.439645080375332,0.203406845895034,0.141975020229078,0.476577304603862
0.3518542031065,0.493183050417366,0.207211888680084,0.109004598599223,0.509870001628732
0.35623900097148,0.443540191778868,0.190917130745482,0.161189513650325,0.455186121514477
0.260856568914546,0.486789251096571,0.180071530158791,0.114416451329079,0.485771614938211
0.448335188240246,0.493160914795403,0.193393164858454,0.187096388744664,0.451478817535919
0.430713780451215,0.463914206288372,0.177603713119068,0.215983816415887,0.47412738280465
0.245320362334889,0.429727515271044,0.218540930332016,0.19092234036457,0.499469918508647
0.413236226199025,0.438023119988067,0.248746117888879,0.0975194964370428,0.492773403578703
0.256601884468409,0.442783612757532,0.19830967084213,0.145631268743835,0.514334920998157
NA,NA,NA,NA,NA
0.308291508943875,0.478337551045298,0.212403935293461,0.134122103960259,0.455112976408477
0.333134979858858,0.473412221794694,0.221566410716421,0.125592337745503,0.472215885483993
NA,NA,NA,NA,NA
0.346677299286104,0.452094588879747,0.210687641465856,0.162109326750039,0.519274331322089
0.330235969025936,0.472625971400052,0.168870144189287,0.142405036654385,0.488069967792822
0.337537343519674,0.530809167653432,0.226602563798607,0.146893262033278,0.490994375887791
NA,NA,NA,NA,NA
0.318236550828788,0.487138202030254,0.163156732719585,0.187095699655064,0.527123994056387
NA,NA,NA,NA,NA
0.337530038386941,0.502773960747487,0.191219177783469,0.112693066430682,0.478747196189313
NA,NA,NA,NA,NA
0.248741787054175,0.511652643816403,0.189324489096381,0.174181766344086,0.535583754438254
0.333339108512585,0.495297203173101,0.166409105234053,0.12821431665566,0.47506759242866
0.28148479368717,0.500573444250283,0.204807618993121,0.106936392735049,0.493897762110258
0.435402134512013,0.533340045254659,0.199275452717909,0.147160397144547,0.519655692750483
0.342427843636445,0.475576200291497,0.205406680735071,0.0720291386904061,0.461063877683349
0.32832195023635,0.534888003123787,0.192852808131745,0.0876765304934783,0.451514514926362
0.305658216114373,0.487394501220883,0.214266700166547,0.164483717912348,0.473965665378463
0.314363076681059,0.480206846488999,0.207405026470569,0.142854001073074,0.458690424972039
0.290122363130502,0.532033897910081,0.214867950218526,0.0996579616401718,0.498906150978915
NA,NA,NA,NA,NA
0.296609005126084,0.44844825576718,0.162717376237573,0.15237299396508,0.476775893561856
0.328818485527043,0.44730068409922,0.154020807595134,0.165198547309791,0.45145657193112
NA,NA,NA,NA,NA
0.190444120770353,0.481964552029977,0.285007353750516,0.178953827252101,0.447188424340493
0.440099421787248,0.467053509426286,0.199760094374948,0.140301946229673,0.472667705452814
0.38225843292177,0.486464889615315,0.165493592695246,0.159453399697721,0.506102075682282
NA,NA,NA,NA,NA
0.292194378161894,0.450607342121783,0.170504309386842,0.226219391791679,0.507058399139047
0.322296328765232,0.463537653491512,0.182685583251635,0.180596879538478,0.467137780246839
0.372231583422581,0.455581246281563,0.182178137684531,0.168353172266419,0.480490937715399
0.270658885918543,0.441476035719186,0.19428194027294,0.0985457793703323,0.510415540892968
0.423461593286185,0.474276270556791,0.195364368968047,0.0952433572166845,0.449800502932697
NA,NA,NA,NA,NA
NA,NA,NA,NA,NA
0.355969210637306,0.498156965906336,0.257882020257824,0.187836652939115,0.486441291161688
0.354467376159209,0.500243306016938,0.192788912233165,0.116808551379926,0.472343127580711
0.52729378119364,0.500573102166265,0.235024386936469,0.148203433534103,0.469453127365653
0.309700862206938,0.479086007041172,0.239986818909862,0.142967665401962,0.473982959334885
0.411127050514266,0.492408316993855,0.193558241227336,0.155057471109149,0.516976160216165
NA,NA,NA,NA,NA
0.351228079002692,0.460034089826359,0.162942708131325,0.10014483765607,0.48043073528168
0.332518055394098,0.52444218754224,0.228461405765118,0.151558231790686,0.493296367475658
0.343784993441844,0.511456474822388,0.144254199154239,0.0975631770971229,0.491641236957597
0.456845676967726,0.497704446633122,0.176362873530904,0.132843172863479,0.468492369769553
0.294253738372099,0.434385176418255,0.227758092446186,0.082213508342915,0.478167008590113
NA,NA,NA,NA,NA
NA,NA,NA,NA,NA
0.39557787879531,0.468805425969469,0.241338318038663,0.0830115785714369,0.458512815834845
0.313070954844374,0.534327752789765,0.196346156501038,0.19857616282925,0.512188368844092
0.296228408919276,0.510586831617819,0.210726271476653,0.134101433767629,0.48369113007225
0.322176673704418,0.510381179758072,0.132604490725433,0.147000531850954,0.470986727999257
0.305044425025157,0.458827737949824,0.214113689419057,0.0917524333534613,0.485570398117818
NA,NA,NA,NA,NA
NA,NA,NA,NA,NA
0.309622848405828,0.469093975625914,0.162508920899897,0.135065527927906,0.514137910575441
NA,NA,NA,NA,NA
NA,NA,NA,NA,NA
0.298659922536346,0.529177376374228,0.228061846621843,0.171586168117726,0.469371108404924
0.311314632049202,0.577852374512299,0.180314241680623,0.178983430488456,0.476497614362093
0.342707310499242,0.535418295296089,0.195336210870936,0.144339194882272,0.494016466038666
NA,NA,NA,NA,NA
0.341610258929022,0.538002032267769,0.186012400779674,0.146931018598942,0.469051472011839
0.274419603426144,0.457236986242291,0.222528049873262,0.201502752628858,0.4380446004488
NA,NA,NA,NA,NA
NA,NA,NA,NA,NA
0.333965304588482,0.447602399722498,0.183873285323913,0.134587470941183,0.496037887907484
0.281795411847803,0.496909753838391,0.227910350454281,0.185918402030446,0.461184013040032
0.329332887947978,0.523092578514853,0.195583114932676,0.143345563284025,0.486728975403987
0.302191721273565,0.508117741168693,0.182432070253644,0.116717135457345,0.479459674452636
NA,NA,NA,NA,NA
0.447140394049356,0.526383589956886,0.21183783569814,0.200099344897257,0.539173308097701
NA,NA,NA,NA,NA
NA,NA,NA,NA,NA
0.408403595770366,0.46899664953351,0.149474366668927,0.120198258934127,0.4795327608216
NA,NA,NA,NA,NA
0.303437731067131,0.545874200091484,0.173095230622164,0.162819802638142,0.496146736953285
0.390356988438267,0.488927663963701,0.209685293278357,0.123437785602955,0.488306870934489
0.381358005080594,0.482449437116432,0.190121590783453,0.188467997778003,0.514742421003297
NA,NA,NA,NA,NA
0.358229060797842,0.477573251035469,0.195287792003227,0.181501853130746,0.473563625189013
0.402982533966469,0.441521033073083,0.210549114529272,0.179161779472886,0.487067608672339
0.362553098303241,0.516409163749075,0.23805657119502,0.120354652551632,0.465856163484171
0.334372379175126,0.517152875994368,0.20683526871451,0.165641726370062,0.475621576119241
0.273340689034278,0.454452238346597,0.248357978874332,0.150675507271975,0.497300740853816
NA,NA,NA,NA,NA
0.319230784370066,0.467943442559331,0.179626798245331,0.127269944958068,0.506258708316056
0.391882025640553,0.537313265992175,0.244995081101054,0.118155805885107,0.500410210780639
0.302388709298251,0.462701511408854,0.218782622815179,0.168889602931096,0.484883725456059
0.354394657608253,0.479846260502261,0.158436613676973,0.13417991297313,0.496302376029376
NA,NA,NA,NA,NA
0.304883306233663,0.467237581623506,0.191552327546933,0.160510843106485,0.532810565507964
0.316440292488451,0.487059971425983,0.233992062297947,0.170651590096131,0.50446101684281
0.457836714592857,0.451356838737506,0.155505797394483,0.156898434460397,0.495695695898446
NA,NA,NA,NA,NA
NA,NA,NA,NA,NA
0.308840868341502,0.504933587753606,0.224879143717783,0.164824490581214,0.477181620875832
0.393314347807498,0.453259598814215,0.154033202338274,0.114637009570344,0.454493662487045
NA,NA,NA,NA,NA
0.428597671462246,0.440351717139068,0.203001242722492,0.111985213876902,0.469239515268421
0.293110734958972,0.474431531131282,0.188117077728409,0.205373164069301,0.504000455808651
0.361853335090059,0.530057325234647,0.1989404217115,0.144291249255974,0.50857917188837
0.359691398433508,0.515134627838969,0.170601205586859,0.15321237960566,0.500381941335861
0.307608106767955,0.493776026071445,0.204761691040557,0.111681665310955,0.487060119650777
NA,NA,NA,NA,NA
0.219899346222198,0.454357356554925,0.209629052070232,0.127906969955538,0.525120926328155
0.409532738676089,0.481108402758013,0.166089454349709,0.111146727688981,0.493583766524828
0.29879942728533,0.500343590236719,0.1990863003526,0.188485072687635,0.492937576868595
0.31893425021461,0.487353290614982,0.176487673963001,0.146306786867857,0.490856042911821
NA,NA,NA,NA,NA
0.285246932091396,0.445978664286216,0.227591125437388,0.156579635949323,0.522089513912992
0.301083919302521,0.478452152833874,0.196990381884519,0.139104787319471,0.514990424823796
NA,NA,NA,NA,NA
0.248570569866145,0.481772723278624,0.208400578769313,0.128405169340226,0.508805852329841
0.348623306339474,0.530390516412604,0.153918783464412,0.192163877295884,0.516567968118229
0.354828049635997,0.477385460999941,0.177636876797753,0.133022331534101,0.473023056950742
NA,NA,NA,NA,NA
0.329307111046492,0.436438988945821,0.21295005673935,0.145574900832049,0.479061918400268
0.487639597674437,0.44797404996391,0.177996753455184,0.217090398843815,0.497786627421151
NA,NA,NA,NA,NA
0.325550172800185,0.471535310564156,0.190574593145176,0.16753398551203,0.470532681982871
NA,NA,NA,NA,NA
0.291824423175973,0.459631712630194,0.188717371236146,0.117784149864947,0.480026690744531
NA,NA,NA,NA,NA
0.321283565883757,0.475999121679032,0.155689223748004,0.110232698537335,0.464101249903846
0.361881737935964,0.488269953499491,0.236693111235555,0.118319444507111,0.461229226063315
0.347496955889348,0.462155129076165,0.170944400040772,0.156930111062429,0.448723624418294
0.371229762741558,0.48823085007526,0.196932992496003,0.209916200922157,0.48365068085489
0.307549810859373,0.469530811456081,0.160490456679337,0.139226646383161,0.465968572128754
NA,NA,NA,NA,NA
0.458808128068899,0.471732379476224,0.199941267319769,0.150163203180069,0.467506945632382
NA,NA,NA,NA,NA
NA,NA,NA,NA,NA
0.331191404434115,0.505218512673827,0.216027587949478,0.150132054461116,0.509436216636331
0.388668746456382,0.506080478575041,0.214747279677436,0.154737966673174,0.485322110403272
0.330713519587108,0.548038112940886,0.193252069235157,0.167917338914753,0.508491235542139
0.282760583145258,0.477092645882216,0.229364372152433,0.126960635923144,0.485277635681888
NA,NA,NA,NA,NA
NA,NA,NA,NA,NA
NA,NA,NA,NA,NA
NA,NA,NA,NA,NA
NA,NA,NA,NA,NA
0.313343059181452,0.494281724750909,0.184319731037672,0.116651452117239,0.485413509269083
0.330079876069242,0.521087660609423,0.19981703115733,0.105801313251363,0.499815171600949
0.36754226306564,0.466836051050563,0.204873495529023,0.179582497409311,0.474231703448847
0.389417325951395,0.499242552478743,0.171846791621933,0.132110250526308,0.472789292424924
0.344441632031265,0.432610322801116,0.195442486716092,0.168980051563483,0.471198714117469
0.411282485695603,0.477280861513988,0.209538592751779,0.113872748789784,0.467368484938021
0.324712966352736,0.482468302613745,0.212796894264832,0.0962642072357559,0.529968220650983
0.320381992635,0.475857040735128,0.220055101263956,0.0786456154597606,0.469185526046379
0.312156334142115,0.481236912747992,0.182103926102196,0.166824571965217,0.487605245638682
NA,NA,NA,NA,NA
0.398144462439393,0.445880098212332,0.211316632750636,0.111652992689685,0.491584501585264
0.322277374290303,0.497400576411627,0.223956748243002,0.0842776699530749,0.500919506390836
NA,NA,NA,NA,NA
0.296054553315945,0.519201977277905,0.259160651232946,0.130183218365239,0.460559768144921
0.335115447647245,0.51866369919418,0.234547113662518,0.218900661816581,0.497612912910595
0.422169688151817,0.497769152034015,0.241541779654042,0.144032160020688,0.499075361809988
NA,NA,NA,NA,NA
0.326455449535528,0.479694292037296,0.203815659476772,0.085924377807325,0.469307833709939
0.343443396287192,0.425695506926732,0.255531075031378,0.155223622450565,0.482629266698036
NA,NA,NA,NA,NA
0.324276266177294,0.503822319732122,0.230623322709258,0.149078185060843,0.487929829234866
0.289281958418581,0.473510123758605,0.221056678193593,0.1687437527575,0.501732546763766
0.336794395656907,0.448244020735562,0.195276079786208,0.216226366309616,0.473081202676553
0.325869620092444,0.471675626800819,0.202980606710543,0.1314957047067,0.483503413847797
0.429192696398303,0.515000114453586,0.152169082009461,0.186321864505295,0.494355137884294
0.254686397780205,0.502057005661559,0.183870647355653,0.182945927743796,0.510230826824826
NA,NA,NA,NA,NA
0.321532338599165,0.499652683638795,0.201329683949286,0.11661199941171,0.491018494381768
0.453808973627505,0.520194865313351,0.228228509153616,0.141889450706046,0.498813530304339
0.309786055953369,0.488049890237051,0.195836327641956,0.163516481684283,0.500461527372226
NA,NA,NA,NA,NA
0.315500217247409,0.449111144798879,0.178942044764958,0.103703423717427,0.487786096237983
NA,NA,NA,NA,NA
0.316946823524372,0.452902014623929,0.15471580814016,0.126702052610823,0.503760420625453
0.286616597919745,0.500805850760225,0.193319347931229,0.175589508409549,0.516165196683089
0.409899286186864,0.447808442368663,0.176777375918341,0.120115210281588,0.501607014456851
0.425996553719615,0.503599693110097,0.21229815893083,0.135203182560322,0.476183295705786
NA,NA,NA,NA,NA
0.267886334380545,0.457336528418168,0.161238861642192,0.131121467467658,0.458022610453281
0.196842506797846,0.444874978297679,0.179382263208078,0.156368491000503,0.483918810102617
0.270157491717761,0.436042437054815,0.236139641048201,0.101976002451102,0.476036212283687
0.274040925615023,0.484073196492779,0.178676262574479,0.133902745291162,0.454183352053103
0.26815191189025,0.504751021550619,0.16649975286982,0.121200195318723,0.505309936754314
NA,NA,NA,NA,NA
0.301513498952735,0.515400595137061,0.247183510551213,0.121503965997847,0.491266385488524
0.38456413941284,0.392526083349124,0.190929021976025,0.107041502128176,0.492590392519372
0.333860100088474,0.529483260675784,0.191036646086509,0.110785079837993,0.489744581994491
0.34496570484737,0.465615128609513,0.193202006372131,0.160023425261614,0.475248912880201
0.322796263099081,0.507343866163391,0.190928844683465,0.130020248573823,0.498078236540638
0.284910376396833,0.493033758419761,0.200602796944195,0.181335465803908,0.468820222268269
0.259438042769907,0.535921585311592,0.187270849904465,0.172536252833743,0.491916930087667
0.457151734484917,0.530924361556283,0.173460515631357,0.173268411037438,0.490029461877952
0.32554365629138,0.538447194491555,0.189106436535054,0.137825680501248,0.482793696818412
NA,NA,NA,NA,NA
0.392374727294796,0.538800512911046,0.130538405064229,0.143392713852117,0.507037117118532
0.471249370877747,0.455896131167428,0.196116644243269,0.15989762054226,0.495659889199983
0.303323459233834,0.501077418911966,0.179315354067482,0.183197085005234,0.475753911487765
0.348325968705732,0.478005836080573,0.179426252560631,0.145701767362404,0.485414470283008
0.296573888121285,0.410527408949403,0.194258905887859,0.16971997212597,0.483568990085531
0.271446435990699,0.491547495210905,0.184567407166809,0.156373783290923,0.550329901080342
0.332978365795482,0.469071957454498,0.192800755952944,0.150620224418227,0.547470889104662
NA,NA,NA,NA,NA
0.378802413622627,0.512958390948543,0.179634007014488,0.177450086106318,0.485442714643295
0.507479806683939,0.422482628440742,0.191205513195472,0.187220082382492,0.453910592522037
0.299693689017103,0.504400555089408,0.190828237006081,0.119882441411406,0.508075249625941
0.304112151953748,0.483970738577873,0.218308015452271,0.115574868802542,0.453854336638628
0.355782963690812,0.46093296061605,0.225915812832761,0.210124609217904,0.443604829926666
NA,NA,NA,NA,NA
0.336311793436801,0.460785608902226,0.176232117708589,0.142264078654693,0.469852662394406
0.3538274330963,0.503652290785947,0.250906564434628,0.076994733625527,0.507736040836063
NA,NA,NA,NA,NA
NA,NA,NA,NA,NA
0.237005508146696,0.448793664904727,0.216218083548375,0.168524734070053,0.506644268439201
NA,NA,NA,NA,NA
0.341613596734179,0.460612037687942,0.17110527939297,0.080453495071545,0.501673243019685
0.35654667099486,0.469673090291662,0.141102745004777,0.198221884163295,0.487980880122603
NA,NA,NA,NA,NA
NA,NA,NA,NA,NA
0.271654066472267,0.481645618431791,0.244836238391405,0.155647650327302,0.474199099456317
NA,NA,NA,NA,NA
0.227657801379984,0.507170158428287,0.194563590509422,0.129348074526752,0.459752359884585
0.313734800076732,0.446177620827181,0.219683246483122,0.10391048875086,0.492697333175863
0.262723332691187,0.504593836821334,0.166118004233989,0.139221917204481,0.476059223869273
NA,NA,NA,NA,NA
0.425369934784951,0.488871459509548,0.197422392154269,0.134058717479233,0.50816669466337
0.442813937431551,0.420019577402951,0.197185397316983,0.138980836964151,0.493019519256077
0.287050123226189,0.490682783434202,0.170493315364451,0.137972737409246,0.505432628612464
NA,NA,NA,NA,NA
0.30412017543778,0.496364301206768,0.256408013664385,0.125692012543356,0.490335536441024
NA,NA,NA,NA,NA
0.333988108939564,0.467497703001424,0.203708512613072,0.174839952880547,0.479311419454062
0.31267079187941,0.46434335938219,0.247840494150726,0.119307648358479,0.442646435211234
0.32566050413622,0.493852751105402,0.174490424091857,0.0647101745797487,0.474369819903682
NA,NA,NA,NA,NA
NA,NA,NA,NA,NA
0.249986840666571,0.501824194320636,0.176061648353489,0.155510658216496,0.455087969758085
0.346729687229501,0.418835699785851,0.144477683069601,0.11422331740209,0.50204524309569
NA,NA,NA,NA,NA
0.2766417491894,0.516904039641552,0.2027978386416,0.142311778683569,0.451852048016953
0.302441732739027,0.498768549117272,0.233459647190208,0.147639999047215,0.487829631380666
0.315965558257569,0.508700948550712,0.223356545972485,0.17948465081935,0.512038180890302
0.286231669631015,0.444741673357622,0.223335756018404,0.162891260096505,0.497898754176122
0.254261249098588,0.476423049409447,0.22001568323103,0.17117172554044,0.443495456437573
NA,NA,NA,NA,NA
0.294549012350485,0.474270618203616,0.190065520306596,0.165698267357754,0.468971637247485
NA,NA,NA,NA,NA
0.363109079386272,0.440815296476997,0.17499626678823,0.16924486114416,0.483460303818041
0.471039738634225,0.510947909352903,0.183044077649961,0.142965294817505,0.496085199074267
0.323976566343623,0.52412107287656,0.188327473269197,0.163554075842415,0.472892647353868
0.346063092872822,0.444435171885832,0.190492002404109,0.190979559756724,0.49648526144836
0.319563033469271,0.45435821073345,0.178199186665597,0.191757178584042,0.441079512845411
0.286165388572763,0.485401895490777,0.231459392416461,0.145727654995552,0.501557189191629
0.487460439594043,0.503286269101281,0.184981806884348,0.154172990852539,0.455077784340019
0.440668342915928,0.578585480597307,0.202333538410862,0.141060832747853,0.517201865690994
NA,NA,NA,NA,NA
0.316820307553463,0.479158083414001,0.145197020690795,0.196239491764849,0.528452522479617
0.35062385633643,0.458965870815953,0.240497614369146,0.119716233408023,0.51796373917057
NA,NA,NA,NA,NA
0.342335179237488,0.463596252114392,0.186597873029508,0.157671776062781,0.487224878739497
0.295530328146075,0.491521558835011,0.161512049866345,0.103071619552183,0.475837416648794
NA,NA,NA,NA,NA
0.369716775793276,0.470250684252096,0.182675594826495,0.14107773601238,0.504874622058662
0.34109190376977,0.476120030558943,0.221669026604898,0.174017299495713,0.485051002433504
NA,NA,NA,NA,NA
0.307969956563286,0.427749983224097,0.175784795955216,0.166262099522071,0.46802505983679
NA,NA,NA,NA,NA
0.27412112871293,0.48417320594684,0.258286434364018,0.137540376457318,0.471817092144702
0.356289795736828,0.476450222479326,0.172184916439257,0.117203439854229,0.471715341777911
NA,NA,NA,NA,NA
NA,NA,NA,NA,NA
0.442490980101203,0.474912394641322,0.234493186391551,0.145784777098778,0.519940737870736
0.302620708579312,0.486002202072072,0.220401576334176,0.107122230474655,0.531367187496286
0.355872802288462,0.524557746587274,0.181320945585175,0.0902622192528059,0.50086013977001
NA,NA,NA,NA,NA
0.315275925894302,0.511431182542951,0.182172584999416,0.126867966170164,0.48370731166542
0.36947568073748,0.47797797594549,0.174191629724953,0.129690894900082,0.439953441904371
0.297054547542169,0.488202368435236,0.165510948850433,0.160554455923429,0.51499240486145
0.353771795324919,0.434935247266376,0.220246992712123,0.176857107361587,0.496561357089722
0.369104639768048,0.47071526103158,0.240857456670743,0.185819330524236,0.494225117356322
NA,NA,NA,NA,NA
0.34714774407141,0.434523008440838,0.240293743561552,0.124836720903521,0.46731338403418
NA,NA,NA,NA,NA
0.318611811122065,0.414395721310111,0.209714480676147,0.10647903671945,0.490462013425674
0.319568212085302,0.492317439947244,0.197358414710069,0.184884819694607,0.497700530004388
NA,NA,NA,NA,NA
0.300561160753063,0.510690145222074,0.220640951772749,0.128611981843884,0.491200955470391
0.303010408368407,0.505658512420196,0.190835762315232,0.116161400647924,0.437863827424108
NA,NA,NA,NA,NA
0.338538236837448,0.491165738753222,0.175377675532641,0.113759223955906,0.463952583230587
0.270757779053085,0.461106217899276,0.240369120484191,0.169467468736739,0.46405130704909
0.35695888962464,0.447864654637265,0.185138106195746,0.190715266676356,0.503570131987069
NA,NA,NA,NA,NA
0.435276259776677,0.507894517291099,0.170517046526819,0.179074054004694,0.441879605930216
NA,NA,NA,NA,NA
0.316383082981597,0.467393983742865,0.216057725010187,0.12792537037997,0.504630598993716
0.33060937236768,0.473904977268916,0.195559844327058,0.140194722282848,0.506181621668981
0.398070088155256,0.512703769538904,0.179869137512272,0.146283638747595,0.452257289334098
0.294485266041337,0.44466927014247,0.149829957766276,0.148199468890782,0.449794686686913
0.41042111105432,0.479151802791961,0.22413214809318,0.1420433079656,0.471315404704162
0.321765791793525,0.500339019746529,0.199953282337426,0.155389493109261,0.480288964202131
0.222880685046559,0.470267781191822,0.181066380332983,0.140157624434626,0.52764505438376
0.288014011071131,0.453268799646156,0.217635644407993,0.162326027443597,0.450755783542493
0.367885530928688,0.441222206635628,0.228232197923528,0.147929735279412,0.471837433865464
0.289182441009177,0.527849232315488,0.215647785430203,0.126014978897244,0.519643980100496
0.382117572193643,0.483453635807418,0.23858366288806,0.118067717742776,0.512541684382447
0.340192373275167,0.437063126009859,0.14441967747639,0.173137681529446,0.484111248420428
NA,NA,NA,NA,NA
0.312703805509333,0.467894124647079,0.153792465291931,0.133437848200686,0.49049266618662
0.404543435375696,0.488417740194903,0.186941843827779,0.132454728404712,0.48767308807766
NA,NA,NA,NA,NA
0.332279658768154,0.530679077160419,0.181607155947264,0.133906646573608,0.475259473548041
0.341314015324872,0.514507915636389,0.189005174663613,0.102588401245779,0.496072039251458
0.306479054488625,0.523996254869523,0.225134326550143,0.120437530298969,0.523438454158824
NA,NA,NA,NA,NA
0.357416218788874,0.4972366087463,0.160920065523122,0.156588895890261,0.506389921698725
0.388662460295961,0.441244057683418,0.172415914876059,0.160638781522591,0.504290956001071
0.4215192503713,0.483059421731618,0.219582823817678,0.181438246160393,0.476300064935086
0.297273806848328,0.510542656199465,0.159734669312881,0.19530410346528,0.445397600414773
NA,NA,NA,NA,NA
0.321664927832616,0.499998384988318,0.191796402168967,0.0802499210543316,0.491645437622785
NA,NA,NA,NA,NA
0.326184265213287,0.499475832334686,0.170291321678401,0.0988090784365426,0.468900618604554
0.362547928264829,0.508148763563648,0.231127483104875,0.110931140929433,0.490839462015212
0.289562466168517,0.544266271499971,0.191652588582702,0.186443359969069,0.462730498199596
NA,NA,NA,NA,NA
0.293803414799943,0.480074827138013,0.169889875722395,0.149817759589987,0.482154229642882
0.4545181514876,0.457683998571619,0.210382489751536,0.111103888226229,0.483291664311504
0.279370729777527,0.511500267170978,0.152534143375014,0.103038638124157,0.438023664501283
0.408441154641674,0.506334003425718,0.210393029310458,0.121866247178739,0.494016579886161
0.243177581811806,0.483646329285725,0.169616471877852,0.168636679385902,0.490575597312985
0.388292305675409,0.432850409548275,0.206606692310848,0.180379474174035,0.501963320628709
0.27580117448601,0.468587463335482,0.265546539694324,0.156682451125441,0.467762571974508
0.287523833938286,0.461870826363377,0.202708167718535,0.147983958889137,0.477406954963624
0.490262036465354,0.521443766679062,0.238395356292189,0.16328320997832,0.490844005441726
NA,NA,NA,NA,NA
0.318633732617389,0.487420318932456,0.163095448081706,0.111895832479516,0.496432916006082
0.333064392703839,0.493697405983032,0.198217613425108,0.192615297797625,0.506208350024007
0.263264112370824,0.447192301662307,0.216427076787948,0.175523525431022,0.470654217286902
0.326906912949464,0.425607770412092,0.188796632890441,0.180978643175925,0.486096779074519
NA,NA,NA,NA,NA
0.334827502741042,0.478711265386192,0.19885945737925,0.143298551232303,0.472077351517415
0.305552406395002,0.495254140328978,0.256382347601869,0.127442940103153,0.463969396621759
NA,NA,NA,NA,NA
0.353975829047149,0.500362556977841,0.210848321471512,0.0947258780104446,0.458824318837875
0.269913534248292,0.43792436375304,0.166821205625057,0.113163794937452,0.497532987064946
0.285462738695232,0.538510507470187,0.168794861310855,0.144373442660756,0.469855706314397
0.333028521927943,0.465315229107867,0.238445028606452,0.147052090318925,0.526569856431853
NA,NA,NA,NA,NA
0.327031029140421,0.485603801760571,0.174020159936064,0.14115140238432,0.421732690150208
0.341859782158854,0.484846487190022,0.170786608178477,0.133309974377496,0.503545856345401
NA,NA,NA,NA,NA
NA,NA,NA,NA,NA
0.340587646897645,0.455537798151811,0.190582115043334,0.110753420174205,0.519035554984317
0.307885143108085,0.506157097258529,0.170045453116897,0.16900532596326,0.481222047112494
0.317893971065954,0.540957407077258,0.22275983054346,0.166357650554821,0.475375649847042
NA,NA,NA,NA,NA
0.344751783650383,0.496208910999635,0.213320511858376,0.144770366086878,0.49319993205258
0.327137531689027,0.523520366811505,0.236449870261951,0.116895760982864,0.484635244062247
0.426653612733535,0.456283780996659,0.225425446785125,0.172574833799555,0.490251586853137
0.369064200092092,0.444293733090259,0.158068402631622,0.203774256213151,0.494298900631494
0.351470186850358,0.423473833021156,0.197581064074713,0.110002747087462,0.481442069007342
0.250297121789747,0.425774886763594,0.211154831560026,0.155587464738783,0.464073281723203
NA,NA,NA,NA,NA
0.379339772397661,0.427612326018142,0.18653404054631,0.110781621322332,0.484968754390182
0.272271406743688,0.502581418077623,0.185893882199205,0.163113144499498,0.514846048405634
0.288837069627801,0.475937696519423,0.196589328066432,0.140527694771703,0.456081123186751
0.292566468969051,0.529939904049636,0.211156839630085,0.170928329309485,0.509730026852145
0.286920612193796,0.52671718566056,0.207205166154285,0.136178050595985,0.482928798221369
0.364598671122592,0.454282566841696,0.180991890821279,0.149340094021348,0.493727566421808
0.325005046049777,0.531639876307468,0.214894955901452,0.135687425325077,0.445645482813826
0.337565327629692,0.455079013163126,0.177312341715388,0.159051985694402,0.457104158831636
0.401790718685447,0.464030524574673,0.221945174840363,0.190024735812226,0.477328297076084
0.322659890443415,0.4772047624422,0.24181972842194,0.133399420243764,0.513974291325268
0.335615662441669,0.487767908700593,0.25493746070235,0.196489562682585,0.481216212314248
0.345472045307376,0.485168877770824,0.231501614115367,0.150268901349821,0.496660302605986
0.266985309883063,0.498262194293631,0.230112722095818,0.130228815381424,0.484028924963636
0.392200437460368,0.471518824153098,0.213176973084147,0.13853817142318,0.469117233899205
0.200366960090888,0.527333239263647,0.187615017628995,0.118935980480134,0.513639418904341
0.317687620191734,0.459681900857249,0.199641425275302,0.195367271541795,0.496261636108057
0.363767517378597,0.507346694498388,0.136954369187529,0.152305355667915,0.481232966753695
0.289690802324842,0.474198953088677,0.161280678820182,0.114147389239993,0.452413245054748
0.365342721722074,0.488848786663163,0.195103057819407,0.161079949721257,0.488320928205624
NA,NA,NA,NA,NA
0.387508045617014,0.450157017114134,0.238487460551374,0.190598407392049,0.507695087168546
NA,NA,NA,NA,NA
0.369433048260987,0.49127855729664,0.218690725022066,0.175827372273107,0.498218660887197
NA,NA,NA,NA,NA
NA,NA,NA,NA,NA
0.317069448399992,0.498447839797648,0.126923234035237,0.16491008370187,0.485474240050287
0.32300780771772,0.510270924257395,0.174679445114754,0.153155561545259,0.535618840479286
0.397670492307685,0.497028424669837,0.260459162167034,0.151323434007539,0.452286209800925
0.30110226329604,0.491891255735926,0.197272298459654,0.170017473999918,0.507373057659735
0.31438043214729,0.490953592279148,0.207505703148977,0.176667155720177,0.522840119882904
NA,NA,NA,NA,NA
0.367165971528334,0.496278004297211,0.178855331470005,0.107160499737332,0.473475199782849
0.359982310544176,0.476710506136642,0.222020766166707,0.114539579240472,0.480635290786194
0.325047316095693,0.442156046873424,0.216919939727091,0.118652018356656,0.487790380494885
NA,NA,NA,NA,NA
0.350647529887266,0.504436969381616,0.19513593728361,0.179493935394227,0.466869671972288
0.346215558024289,0.482396605185733,0.164749089105902,0.180676335854569,0.498694581265108
0.307194648911766,0.54393209473678,0.197957262311036,0.171769818607415,0.488682913001953
0.310044364995229,0.543688506913918,0.191863668495782,0.154037096448524,0.515205403493465
0.369119704516935,0.51027389387177,0.188276497503676,0.199350706140771,0.474034120579274
0.344238336563395,0.503985149713609,0.190274759348684,0.093085914945067,0.456487852788893
0.312492304123327,0.513382257159994,0.168070800429448,0.115549640764747,0.471835227256641
0.391832077974194,0.512532211347694,0.196962550495334,0.135349859538246,0.500772026523854
0.359768355560038,0.533466286300829,0.223042973527981,0.172253212979463,0.470475306100078
NA,NA,NA,NA,NA
0.356842809303251,0.457542753367478,0.201608358859289,0.111553706045026,0.491075912287518
0.261658203322656,0.455727149392385,0.220907741760227,0.148614217121306,0.541418987897119
0.398838141283245,0.433772553730615,0.192417384873303,0.217868573039087,0.469626785151809
0.290158637029997,0.486493404942105,0.220937844325297,0.1277123286481,0.49178560266023
NA,NA,NA,NA,NA
NA,NA,NA,NA,NA
NA,NA,NA,NA,NA
0.350383768864014,0.445588658125555,0.223588164695404,0.208964238394363,0.504999068193835
0.288617285420569,0.515036962393264,0.18703930952716,0.0959160903588753,0.480697281212474
0.385056787205486,0.453035751596589,0.144321669762263,0.141501689406115,0.460275932974576
0.273809169725493,0.521563195798499,0.226466072183859,0.0986573528718124,0.491526727781945
0.287807936230096,0.528532958715371,0.203675896020364,0.107571266997763,0.435848667718967
0.471217893290382,0.465962510670388,0.2353914949958,0.159179658573406,0.473372965190427
NA,NA,NA,NA,NA
0.340494965861078,0.473247898170327,0.18386480771119,0.167986411728639,0.49955577253253
0.269989154927797,0.480918105471253,0.163916897384205,0.184623779363304,0.516293943006528
NA,NA,NA,NA,NA
0.348482648793644,0.524008866998405,0.15386435137038,0.156367110382614,0.492081728804302
0.30938811703355,0.491943828093673,0.250788255364137,0.122125956136707,0.441227219437758
0.394204206259166,0.484726376154777,0.225712933022656,0.146214672281384,0.473660955490203
NA,NA,NA,NA,NA
0.317845928444206,0.430163100627624,0.169165459761677,0.142416343469225,0.470838300727858
0.475920547141042,0.418728719318891,0.210230873714542,0.118711226854989,0.510512251964721
NA,NA,NA,NA,NA
0.349608557490265,0.509913020430167,0.246229627772446,0.118950321142605,0.50888079658584
NA,NA,NA,NA,NA
0.356215420637626,0.45823350169899,0.206224578690249,0.128278431700815,0.447504995265598
0.381454182903999,0.484109047035848,0.21253312393555,0.110741765493713,0.489407202172444
0.319134405045187,0.494772979038903,0.211809526357815,0.143809331617471,0.484668486425271
NA,NA,NA,NA,NA
NA,NA,NA,NA,NA
0.364505080020719,0.498751316822313,0.188104368409566,0.15196156393413,0.472508511571046
0.395549896927576,0.461320011341213,0.17266901075326,0.160889234319376,0.49130187094222
NA,NA,NA,NA,NA
0.323154075559924,0.46574267429055,0.2777799459762,0.160641168262179,0.478615822831046
0.292791878679934,0.492263811565546,0.280702955890228,0.117437376022658,0.474777088139618
NA,NA,NA,NA,NA
NA,NA,NA,NA,NA
0.245051170712523,0.463538465911009,0.151985048286438,0.188097581319589,0.459471884046938
0.310935634355183,0.503167239657776,0.154818611455842,0.196015284901517,0.449584036855846
0.256176255248357,0.435605877117652,0.18332554751657,0.141767496125179,0.505209542191078
0.341834208350751,0.51228587393821,0.169635270564426,0.109718010299097,0.446069330940953
0.301215769666733,0.505127266511111,0.224229034568548,0.193607089123035,0.549900244567879
0.427776661424574,0.435352239364439,0.189735051674968,0.0990483513435804,0.542753494102753
NA,NA,NA,NA,NA
NA,NA,NA,NA,NA
0.284333424235172,0.396986131705709,0.275028879990664,0.105214260422307,0.530812715281024
0.311206125272765,0.505829300504989,0.215196881007088,0.135599955645554,0.460234331684924
0.373113504532027,0.462200382795538,0.214910443161237,0.132257646015434,0.548530377131359
NA,NA,NA,NA,NA
0.322331189442144,0.46932842403374,0.193675383886827,0.117320492616486,0.471412100974024
0.318214737713633,0.452940668208047,0.181643900304626,0.163233917772778,0.495593058324367
0.283958738651738,0.477902521704858,0.20408520999994,0.183943235551839,0.489199744231612
0.307431601960113,0.511924941630881,0.201218465591507,0.156346274754931,0.472978514734561
0.350227193278082,0.438774223371898,0.227200973587718,0.135870651481383,0.489467212751902
NA,NA,NA,NA,NA
0.291061684758827,0.517213919494816,0.211662018121514,0.109963698069124,0.515688244495086
0.303645368974542,0.473381241612638,0.192918832169062,0.136909592663494,0.469780301836769
0.329610609484074,0.516538351793803,0.220146032225896,0.167930607559844,0.466206764469398
0.267839114059295,0.466293238467404,0.163674659813213,0.18955756233848,0.485956938478719
0.261890362595137,0.47226526907376,0.166628318703602,0.15883015085312,0.490638564442339
0.351257848227588,0.529292233868243,0.162439151680846,0.115601358969591,0.457964869086528
0.3149456507687,0.442549390948233,0.229422564076673,0.143970124703836,0.506595314580514
NA,NA,NA,NA,NA
0.286668738368026,0.449231234523729,0.173482352008525,0.176381693693411,0.471138240544718
0.438498421000432,0.501448826191841,0.209170061417114,0.137862815044712,0.471451031256531
NA,NA,NA,NA,NA
0.455829281116133,0.492788264921695,0.223154702554656,0.126899628320481,0.488901031225908
0.317714298483617,0.506876651469933,0.190902269999345,0.123040645920018,0.469060506616128
0.289603304300333,0.454431663243219,0.194876654109245,0.181691574525157,0.444314404148322
0.410491968840305,0.458436325915067,0.198131553487433,0.149410247577714,0.486855225391654
NA,NA,NA,NA,NA
NA,NA,NA,NA,NA
0.412955877403537,0.477195895422747,0.165647331920915,0.191694644465535,0.462917932525478
0.339030077730722,0.4618966847063,0.218773082130445,0.114968462699637,0.477401956861567
0.397041320290833,0.461364282611691,0.194596463747392,0.145161259267812,0.482976531832138
NA,NA,NA,NA,NA
NA,NA,NA,NA,NA
0.269923774550332,0.458866882827904,0.169378959661243,0.16193458034726,0.438080851219954
NA,NA,NA,NA,NA
0.263293330557263,0.49626697022486,0.208383611075865,0.138420535579789,0.47492626589427
NA,NA,NA,NA,NA
0.320826454982334,0.458997903423259,0.147951047236562,0.0939144604043833,0.505930540490205
NA,NA,NA,NA,NA
0.460147093026579,0.501971475843752,0.222737124545039,0.150857580554635,0.475843128709593
0.243254771556814,0.429303672520069,0.224528072466622,0.179408147746165,0.449834685098817
NA,NA,NA,NA,NA
0.323400460828413,0.43013013616755,0.186479989300476,0.163673105005469,0.488021759921682
0.364288559896993,0.486469073282211,0.212905823372791,0.150837879684286,0.484821924124357
0.320450815268343,0.500223764061155,0.187551892823634,0.125542444099052,0.518404441504847
0.335809747794983,0.485477801803543,0.185092539565047,0.166041332737672,0.482471213210555
0.253958621335688,0.437154298406374,0.183234108276203,0.158555582291147,0.449392559334254
0.283388451119799,0.489766579939166,0.170668634838016,0.133760075612931,0.503372569277952
NA,NA,NA,NA,NA
0.419421520651049,0.470595909955945,0.205032588621101,0.221388416190737,0.496098349448615
NA,NA,NA,NA,NA
NA,NA,NA,NA,NA
0.315153475627574,0.495074792547914,0.191200313213715,0.193011595722929,0.481003002158457
0.431307899890536,0.482507658645933,0.207714774425706,0.159629749909678,0.489473272617828
0.327562913409931,0.522899858101274,0.209511404842694,0.140301104478393,0.51925932752517
0.348124422473214,0.474208846908804,0.233453730469283,0.110274942226768,0.506143434574157
NA,NA,NA,NA,NA
0.285233248978443,0.52158739661828,0.236690478465372,0.123985404091219,0.510139763430972
0.310352848129426,0.488965237364915,0.211842523484335,0.141784047863072,0.548851191350727
0.29368936461443,0.543670843232129,0.188326221090852,0.184561880068818,0.46028973215942
0.344025993263871,0.52108302600445,0.219119266223794,0.113215713863864,0.489060620537682
0.328757416299403,0.481653854321623,0.167306331525988,0.141546555838548,0.472809317491911
0.332974067768529,0.488918018258953,0.171571093661477,0.184599256471992,0.493418906352271
0.310553263686159,0.529074465526237,0.178184041162601,0.156713947299991,0.528849280161966
NA,NA,NA,NA,NA
NA,NA,NA,NA,NA
NA,NA,NA,NA,NA
NA,NA,NA,NA,NA
NA,NA,NA,NA,NA
NA,NA,NA,NA,NA
NA,NA,NA,NA,NA
0.332479888723658,0.477524498642436,0.163321236425901,0.120524081292129,0.492405096320225
0.391179257007435,0.473038194304291,0.147524369865409,0.146881264016056,0.421720417674437
0.294336937505975,0.494062600079379,0.1379929807574,0.155840185466816,0.454466281135472
0.281139998588032,0.530099469089286,0.129876762456644,0.180129854304845,0.525646158526639
0.345429129756092,0.459400069766084,0.148623526037823,0.209982756105755,0.52224244900924
0.41934284501636,0.473463984182117,0.208062732289832,0.162558556969777,0.481477229346013
0.295773715858741,0.458358077799484,0.186519513886621,0.131108244820593,0.475254553699973
0.316175294160437,0.503647937981545,0.205784319693838,0.170811647018656,0.496508540332594
0.298325236229022,0.496021166171254,0.156064757821787,0.182148529935553,0.49209328100466
NA,NA,NA,NA,NA
NA,NA,NA,NA,NA
0.335294072089958,0.398356534556888,0.181715105367567,0.132597852959107,0.481426868829437
0.347225683229739,0.458490278059478,0.248240752527095,0.135240167524194,0.472265819073843
NA,NA,NA,NA,NA
NA,NA,NA,NA,NA
0.341715274812725,0.51237701421498,0.181632115439953,0.121964907352535,0.500993878945433
NA,NA,NA,NA,NA
0.426118427064401,0.460312581790951,0.245448740250897,0.121805427711644,0.463999845589383
0.327853503777849,0.480715472244048,0.195954895451755,0.132739924248084,0.507372091360194
NA,NA,NA,NA,NA
0.353891648613901,0.448546982752684,0.191828057549421,0.134393028347328,0.498127820435671
0.354419953804019,0.509815020792332,0.159569020068697,0.105082817062355,0.485331499182576
0.320100907407676,0.524274332533987,0.237827241121375,0.0944736663694039,0.476487456969096
NA,NA,NA,NA,NA
0.35287743762395,0.452180762671394,0.203413405970855,0.155687430108169,0.450477948330939
0.310206499984532,0.443316321340975,0.226474635568186,0.163022963179999,0.508150249031754
0.308576197926831,0.433501909950185,0.20696619337626,0.173325398812412,0.501396353994255
0.436752254256592,0.482010745612864,0.208635363250733,0.148668487440235,0.456734380987246
0.439315024339819,0.494419708551737,0.194716784844652,0.178121498420295,0.480469483285184
NA,NA,NA,NA,NA
0.317097045627169,0.501710994649721,0.201955629449382,0.146652871473847,0.44377348417797
0.342477089135286,0.528859572330571,0.217044198236552,0.125470190668563,0.473301557333814
NA,NA,NA,NA,NA
0.445760492876857,0.493790744615148,0.211976790340168,0.1634328392381,0.499246652060996
NA,NA,NA,NA,NA
0.498703010737428,0.509758916586397,0.19313383947894,0.177499501142974,0.457441607668417
0.366935737937597,0.456712745298274,0.167864847887532,0.129953945689322,0.459221183825249
NA,NA,NA,NA,NA
0.305209685819947,0.516949410802863,0.220008625315522,0.168415641497051,0.528378042620883
0.316910389932386,0.423052214305471,0.185022946677158,0.14498253069998,0.467437068304717
0.285112742587531,0.484014826233844,0.174060826059172,0.168496964562952,0.496767445766141
NA,NA,NA,NA,NA
0.432349682139863,0.458005308903294,0.206451012413624,0.121975966175387,0.48963925580271
0.314411611368081,0.462439308826334,0.224810017091206,0.131326041743009,0.509957948840439
0.291707089706931,0.4594463246984,0.170189920034821,0.171056507682806,0.484092247740181
NA,NA,NA,NA,NA
0.294974922774031,0.479112769514811,0.214280461614592,0.164980034257515,0.482166077684884
NA,NA,NA,NA,NA
0.30921595811413,0.492601694957053,0.184086565340547,0.144132430182326,0.493950735185498
NA,NA,NA,NA,NA
0.297855557412047,0.419565665417888,0.192411411207574,0.130406358595657,0.516220082841019
0.301749350509206,0.477816375329314,0.216239780338906,0.160566079557473,0.48581527262213
0.29770708422854,0.498489283957555,0.205107557117862,0.180883329119802,0.517966786479899
0.275403575418731,0.49362014666918,0.145127850998881,0.147570246418141,0.436369121432245
0.266679012238462,0.445169969742864,0.215062396790305,0.187002644187008,0.487746521351631
0.37413328295192,0.451660569910841,0.186810961620364,0.207775133946599,0.482132037904898
NA,NA,NA,NA,NA
0.322310297641582,0.496617989039736,0.191958777078478,0.155409532793659,0.487963047293563
NA,NA,NA,NA,NA
NA,NA,NA,NA,NA
0.371501224093559,0.468213964318722,0.230967136473813,0.181729119268849,0.523334562633815
0.337822739174612,0.479466749360948,0.195942084772309,0.142543791935972,0.521790952771361
NA,NA,NA,NA,NA
NA,NA,NA,NA,NA
0.420132753783605,0.429244889712397,0.191213427563997,0.140252544870949,0.495793666214242
NA,NA,NA,NA,NA
0.393429160671898,0.464064031870056,0.150825428982804,0.1394054226328,0.503600082510673
0.389542535841534,0.465186264044917,0.232312519624573,0.147754440916678,0.501961389565245
0.336507970941375,0.465091878692177,0.208290555535005,0.160209380773225,0.514808185150316
NA,NA,NA,NA,NA
0.280478793523825,0.515630903825697,0.216908135961003,0.110409286189766,0.465753072154086
0.437900000328306,0.465341133917675,0.178996227933548,0.14194754271526,0.475800271978472
0.289060159889716,0.470726000764167,0.185147512635241,0.166685119280382,0.550981912125943
NA,NA,NA,NA,NA
0.261132806041643,0.445946054852744,0.19824061716817,0.150187691639099,0.459894132814686
0.277446744064419,0.492263255091831,0.229010786144654,0.112450943610009,0.489253646406344
0.343236748661301,0.490740825519205,0.164036531321508,0.178824575295369,0.433874429481122
0.378698395431188,0.527253845379659,0.181570865422752,0.14801486446116,0.512662122733145
0.40679330020946,0.492653062712457,0.251154290225345,0.124936428951638,0.486117238506901
0.31245158809946,0.486124415033741,0.183142010404236,0.0982782504469439,0.496293969845188
NA,NA,NA,NA,NA
0.31388282700176,0.506124705056907,0.154211998585383,0.0838808982782036,0.495335362080742
0.4389938463699,0.48782609336236,0.164769594950543,0.165736887724393,0.485067724655976
0.325772230081323,0.508757142002999,0.155287655324551,0.181590085946895,0.514028651310028
NA,NA,NA,NA,NA
0.343499133787877,0.475302790696457,0.231579698380307,0.136803347024394,0.513279551664039
0.356486516719758,0.508662655893019,0.192197530980819,0.110677128146763,0.476326947461565
0.253658338742443,0.457345621541366,0.189199600531211,0.152310865117381,0.466534765571553
0.397946873086383,0.543101639926982,0.191204905223476,0.11733161471459,0.474312319767252
0.324614372486556,0.457052545933454,0.141180926627428,0.131523569813419,0.480135254862422
0.34295494350509,0.494497558454611,0.199525242368726,0.113353591792989,0.504075496387574
0.362985318979129,0.509545133893891,0.225653927686159,0.204796804771174,0.499859926671742
0.40607549377184,0.431572521399146,0.207560398515792,0.208358414879399,0.46387973978979
NA,NA,NA,NA,NA
0.376766362915139,0.456644696050202,0.143574436120042,0.161397931589047,0.487236151219598
0.29810950360129,0.414845437509907,0.214214888437193,0.121592875468677,0.495824880875051
NA,NA,NA,NA,NA
0.316938548453435,0.542679770382553,0.13183886006537,0.213822286309931,0.481288150250121
0.317004618940477,0.47622802308263,0.205955201595769,0.141830859817452,0.447781644733884
0.286742625197797,0.498988233563352,0.163075318977839,0.172636206419168,0.490815643922592
NA,NA,NA,NA,NA
0.304406047277853,0.432346305714543,0.193376328665522,0.100427243893313,0.465103027382526
0.305047571042517,0.438123526329838,0.202579859380663,0.179134172757975,0.488344885458059
0.310999938794875,0.486244643649989,0.144076864975508,0.186746320877967,0.459194408705084
0.341525120552347,0.428153860103311,0.183593467372823,0.18975172226673,0.499839992017969
NA,NA,NA,NA,NA
NA,NA,NA,NA,NA
NA,NA,NA,NA,NA
0.31605448532562,0.463397579860409,0.180567309709911,0.173817436504981,0.471018189412155
0.310134698143705,0.482945310800099,0.179909978457607,0.104226772241462,0.465507516891516
0.312378394262553,0.499832093992528,0.195160365417527,0.191393906761446,0.451832901142425
0.22066518731695,0.437963917376386,0.184473856940658,0.179169066581864,0.49933233408673
0.397646024906832,0.521653349656724,0.168740244935469,0.151193691052703,0.485770956326896
0.288406100058718,0.505371488594092,0.21540983727361,0.181154321365529,0.468291638010082
0.420357741018276,0.463876262055049,0.210497124064085,0.153969800778122,0.486813136181784
0.324541219051066,0.550084189901818,0.215316377244628,0.168133179480154,0.448828444778527
NA,NA,NA,NA,NA
NA,NA,NA,NA,NA
0.198219623174658,0.459806996506031,0.193024042560093,0.147684963658223,0.519584062489865
NA,NA,NA,NA,NA
NA,NA,NA,NA,NA
0.320351353345956,0.487038727760035,0.185886496425561,0.11362992523963,0.496697780046671
0.340980076444077,0.424705317000273,0.193053472719878,0.116151471694167,0.491554765889886
0.428600013615555,0.473164741616194,0.228721684877089,0.131137466078572,0.486467829429165
0.358525729414459,0.538484780603911,0.204775745206239,0.114712169785172,0.450759154686304
0.365448811208425,0.455511907350871,0.22050213761627,0.12411279861191,0.494296427836562
0.352109350064574,0.524135540847366,0.193370449940388,0.0993968441159692,0.488947363399023
0.336203487300153,0.519759836503751,0.234417128697795,0.105616853950457,0.443801412879672
0.281812289106724,0.460316147187048,0.209576619863658,0.225020869311098,0.473476530631116
0.408684042313388,0.461375930047279,0.149455170207137,0.184986208441035,0.432682860985848
NA,NA,NA,NA,NA
NA,NA,NA,NA,NA
NA,NA,NA,NA,NA
0.276677582919516,0.517046157128475,0.21351924135616,0.128924488586226,0.516982669158177
0.316538717429918,0.477817023823098,0.232394042979581,0.146029031377833,0.470405383247332
NA,NA,NA,NA,NA
NA,NA,NA,NA,NA
0.293930784554499,0.50093229187811,0.117234932551108,0.154761495478599,0.512917914785472
0.322256708780521,0.474190928045574,0.187736167801947,0.189524607932053,0.505418795866362
0.349255691036245,0.507179694453305,0.218513051596071,0.152705373783856,0.548582383601898
0.285264021854937,0.518237388997271,0.211236222453611,0.165890596518123,0.476854979146878
0.311195026220543,0.453680022414805,0.222801026841324,0.139895777032639,0.478424297417894
0.413073431874565,0.449366788798541,0.217062970713383,0.140556475179058,0.490555057045837
0.349730672089212,0.483933077161584,0.169733945557693,0.239512907970132,0.540123808676143
0.33009077573749,0.475949994880693,0.20217468574242,0.171913920707017,0.424465764433063
0.32484815137539,0.488631506251591,0.192009721204244,0.133565448259076,0.491960967965
0.477581084232854,0.483636345933279,0.207200510712657,0.218179882488819,0.463663515954866
0.371889586851274,0.495195535812156,0.179066994864105,0.109711045729156,0.504298140737459
0.291905037562687,0.532848997441657,0.184727814253364,0.130544938439889,0.505832274948165
0.367188683915984,0.470650890649115,0.216918945643636,0.122255496759147,0.539261396717742
0.332997124502062,0.508359339062126,0.185028049760167,0.135403887756742,0.480905397202288
NA,NA,NA,NA,NA
0.287680806871811,0.544297579667811,0.235832304427634,0.13531912239084,0.483589100753359
0.288602814172329,0.469537280828653,0.194805933601909,0.181104239192097,0.483900207864511
0.341604554756051,0.45930606470498,0.149403239455703,0.113630239024884,0.500697933622455
0.3195765978932,0.502057185529201,0.21120925353949,0.115893592901873,0.447661458395382
0.278860169854209,0.469760249820002,0.253794305763378,0.121876296889038,0.523098853402278
NA,NA,NA,NA,NA
NA,NA,NA,NA,NA
0.331462635714157,0.475931698858232,0.232281737989477,0.152700320435047,0.453318372501601
0.394722071780335,0.441448502881014,0.226140517565939,0.139337937124517,0.471022139771992
NA,NA,NA,NA,NA
0.351771998719589,0.489078684180421,0.238400600139215,0.159088772497844,0.470051643383317
NA,NA,NA,NA,NA
0.388320747084167,0.454298076300233,0.250202668882411,0.0794095427961246,0.48052297901302
0.264458646343517,0.494622196304538,0.192928786581248,0.195609104070214,0.460671986174828
0.404776542589481,0.508003543872159,0.226044366538177,0.175911810901677,0.480089591375877
NA,NA,NA,NA,NA
0.32708269746699,0.437721433880229,0.180409930320835,0.132904830698622,0.487961644451224
0.350237787025476,0.509878787667752,0.256315068963285,0.117886473013306,0.465531954884357
0.338545065323336,0.482867649619609,0.223486475925743,0.130321704811219,0.517918962621531
0.424271017442214,0.543187750013571,0.155957161831188,0.184157525614758,0.473734443426653
0.32959012719024,0.472094104858269,0.228234877761691,0.106052802177273,0.476150947443969
0.316732492772784,0.500226063060034,0.162888395529233,0.14734257648026,0.47863712646288
NA,NA,NA,NA,NA
0.347067683534791,0.478829340672814,0.21943967510512,0.162116925148644,0.471979379399606
0.338548044193183,0.536334556299766,0.180328323832138,0.0976590381611468,0.477150310223582
0.287112714704359,0.537828735716038,0.206624590086141,0.0928092333729088,0.472368980812003
0.264362535465457,0.519616038292811,0.194936244888003,0.180143042035088,0.496000861056164
NA,NA,NA,NA,NA
NA,NA,NA,NA,NA
0.324727186824656,0.509103879487696,0.20663249767447,0.150545654490344,0.491749637505543
0.380777269525312,0.466708238860004,0.180188757425126,0.117641063136928,0.468224828230912
0.250559455358845,0.428929138572236,0.240159174734763,0.206440697877696,0.484944919533564
0.332689610929801,0.486696609422728,0.191797697452319,0.13855433741056,0.50043932528532
NA,NA,NA,NA,NA
0.32164320214913,0.461924045928204,0.17340237579532,0.179505460194444,0.513937670861087
NA,NA,NA,NA,NA
0.232044268637144,0.464613442680042,0.204278691894603,0.112441765334076,0.483339679703486
NA,NA,NA,NA,NA
0.327585057604419,0.53651425538525,0.214601293163682,0.215592801571453,0.511171142466873
NA,NA,NA,NA,NA
NA,NA,NA,NA,NA
0.26467857098372,0.459815624754548,0.232632053478854,0.145038429822045,0.489526537744129
0.247771344820155,0.47252527299297,0.221015334116161,0.163216579258179,0.465929834462689
0.303842323468015,0.457270732581905,0.15741567804615,0.127912962900891,0.479720171036484
0.329719075936202,0.47813128693113,0.0994589541049476,0.14618638122875,0.500020882423932
0.246304584031462,0.48227204306235,0.238718969969604,0.109992682559482,0.533850907849707
0.353016544006392,0.482394264283959,0.21308546552573,0.133613933299402,0.470970663590607
0.275100195410781,0.520734729322654,0.174139521082629,0.132190270742767,0.484951812717485
NA,NA,NA,NA,NA
0.341817339113901,0.465105534542811,0.241087164797878,0.163570511389029,0.451115821559734
NA,NA,NA,NA,NA
0.334453334267674,0.476389067423945,0.201156046671124,0.160150694902749,0.485171781334651
NA,NA,NA,NA,NA
NA,NA,NA,NA,NA
0.243534038153469,0.511177048063695,0.189353241006454,0.152853875637578,0.507178815994839
0.445165098529969,0.558583040840587,0.150621638571015,0.108122137643054,0.504203947343319
0.456099269465046,0.437530070425165,0.190999461981846,0.184652106403149,0.475096765601106
NA,NA,NA,NA,NA
0.31432013971713,0.447131565238402,0.161168938350691,0.165910667645164,0.493001825184423
0.477865464226483,0.486117279569529,0.232606305173531,0.160894634606267,0.491978341839748
0.483175388627871,0.477845956199031,0.171008754793292,0.143197666781885,0.501114537078941
NA,NA,NA,NA,NA
0.325136643757349,0.489489400282275,0.196701874568316,0.0981859115275604,0.486826939117179
0.330637089785681,0.519641116013468,0.220051462947743,0.204578666902341,0.483802306898221
0.471217682318565,0.472302218399286,0.188310372994462,0.219762406529352,0.513291660715406
NA,NA,NA,NA,NA
0.36715475133585,0.503792167319524,0.215395971239524,0.152608328806988,0.46437028864659
0.328511140678106,0.421199113786665,0.193915413849247,0.132327703809679,0.477017108150927
0.295876136310225,0.468453003818973,0.195942886503499,0.141831261873848,0.465953534662619
0.344216654192668,0.524620031020972,0.217960973830615,0.0932005580406321,0.477591634277504
0.370436021869094,0.527166135827202,0.230816229150863,0.101429271805113,0.493730854683641
0.360662425148671,0.480036731918816,0.24246619474767,0.0911736164010214,0.47311924550667
0.425369608013044,0.536514719730227,0.247306342662213,0.127734487307052,0.451560707574448
0.309773631039341,0.468781392282569,0.180425476522822,0.177514669078585,0.500060372739401
0.362513649787653,0.443446774491778,0.17820652489784,0.187671786885317,0.450565643853967
0.374078134448735,0.461961685116219,0.249634268873164,0.172851146020894,0.467512673379255
0.25745665398756,0.451637135068933,0.182708037269444,0.160860178423313,0.490762238137159
0.378765214406395,0.463069546895897,0.239145530725555,0.123817163750962,0.428672278758412
0.308108913485878,0.44885856553616,0.197419880935685,0.152650208761064,0.482114817214609
NA,NA,NA,NA,NA
NA,NA,NA,NA,NA
0.276112163808103,0.451786979280459,0.166797503671061,0.148881085467259,0.506388577330522
0.371326016873337,0.452780215855877,0.174329878611562,0.144513847714435,0.433126862811463
0.261250367540421,0.479354426335549,0.24254779197885,0.119632109404042,0.479166563084158
0.32229189212287,0.505155202301749,0.243508583867185,0.132512636867749,0.492717071698226
NA,NA,NA,NA,NA
0.327986496642283,0.523903711119076,0.1804872211063,0.143353286009488,0.494346900201775
0.284636780443266,0.491736917759236,0.17920497832547,0.128467519731731,0.441112527520587
NA,NA,NA,NA,NA
0.323712078414074,0.476995221115816,0.221730646212057,0.17432739908536,0.476975742630536
0.298546086800425,0.416208946530226,0.215177933337515,0.138332805231177,0.462512801493017
0.394091970223679,0.495647339011187,0.171581907067972,0.15339396576683,0.493544518792961
0.332075066929873,0.496981464700511,0.138818749779266,0.15953669419694,0.472446962855305
0.244307454517955,0.474262293584481,0.130809558759115,0.105397785554897,0.505809522239929
0.393424158046142,0.506820918085381,0.161484316504552,0.184387287977034,0.491139481278009
0.343351322640322,0.494902600317662,0.16686552668033,0.140390441440819,0.515734154207656
0.312394093951334,0.479179741920305,0.208043901719125,0.17596743736245,0.479902181489119
0.273816112772809,0.482014275004846,0.178870831269529,0.160202468613892,0.510745057555756
0.309885196478338,0.486131173102437,0.187030915985499,0.147187803276146,0.441121990072596
NA,NA,NA,NA,NA
0.359862243285528,0.470299071135103,0.160558175309442,0.151422250518897,0.467888340965374
0.369775421054268,0.422348294345745,0.168730743761875,0.131072248652828,0.48695296633111
0.459724326643021,0.4480924989563,0.21728012900875,0.125913239232075,0.514207120466684
NA,NA,NA,NA,NA
NA,NA,NA,NA,NA
NA,NA,NA,NA,NA
NA,NA,NA,NA,NA
0.242383284391344,0.443642422016901,0.188130191071901,0.14253823612166,0.505972376823505
NA,NA,NA,NA,NA
0.303929951293857,0.459101641482086,0.225397021580892,0.154065395736051,0.481699936614062
0.351119233296252,0.480089407421014,0.197483352984696,0.126235929417323,0.476010105078211
0.350956260785981,0.461031970356133,0.156283821918468,0.105351004139985,0.497053651448063
NA,NA,NA,NA,NA
0.277691585942475,0.473088037395651,0.221833070155527,0.0945145938358939,0.517009940944234
0.271118140815899,0.455670260680344,0.189671919839048,0.169469287357437,0.510174160040756
0.428641268164878,0.523508015040673,0.149307119645383,0.0840737451405296,0.501959181318819
0.291723782110823,0.513071783419316,0.197937358484466,0.16381978798274,0.529682040832199
0.311498091953375,0.500027613286767,0.129097507247839,0.147840491073341,0.504664109651852
0.315805217245948,0.530773858605843,0.218054992581223,0.148942339519664,0.493382625357766
0.327123662836207,0.522191438348015,0.171794683999226,0.126867861982886,0.437676197940492
0.394417005639951,0.455470693653915,0.14238824267091,0.111885694605745,0.508380988798158
0.274820156118852,0.440851808707882,0.227458008222757,0.143576023319468,0.501438493452577
0.253839015137384,0.532770021474093,0.220344277798851,0.187022219059908,0.531860927189885
0.415750162507139,0.460199028973666,0.146936382751087,0.128797407251926,0.50089877701973
0.219921684959903,0.443914208813553,0.188539347096461,0.118339569506225,0.438106058294729
0.384362660061106,0.465346764816595,0.223130555818306,0.156947253986266,0.46162571900764
0.292537458358682,0.451625905926541,0.215156942830119,0.145382898619655,0.490244125692954
0.320888718595215,0.507039848461788,0.233124040141187,0.22201160589636,0.487696629100024
0.326568560111596,0.521567841260275,0.172884173513943,0.175403054251741,0.489315331305397
0.332288993164201,0.461801030554073,0.208462375891317,0.202786079402105,0.533685169373826
0.323460412511566,0.443984033008721,0.194270490937976,0.128971369485862,0.480636943196673
0.416118553172203,0.512091358480692,0.183344719471894,0.200047830151067,0.46790151720117
0.323757562398926,0.456696390435429,0.147511869917383,0.173200679118549,0.526387381164803
0.282843681797559,0.489260349282045,0.142816886935671,0.0962770514784995,0.493079814339537
0.299687775913502,0.475318968126282,0.187069106319012,0.20320126928839,0.476767259517773
0.407217088940574,0.519293158580323,0.210251238403213,0.14096929695984,0.519443442656662
0.284328979816069,0.517959615048319,0.216840257313474,0.161893079614915,0.514678500111728
0.30374846800663,0.474532775590626,0.178954295441181,0.166197626468834,0.44156919802643
0.437406560569068,0.435185119122933,0.21767554324963,0.188571276333303,0.467082269656043
NA,NA,NA,NA,NA
0.278461613714468,0.486553536752295,0.223985041741301,0.0736905565716123,0.494385673538764
0.434078756879912,0.506248346348514,0.285288885861894,0.149656054542585,0.494362170836632
0.344628250602039,0.483067345676573,0.194229389475174,0.170625786451467,0.488090179906071
0.339204611357997,0.505720185005425,0.155247051215382,0.154328359009799,0.491409184955026
NA,NA,NA,NA,NA
0.338652869635763,0.486556032662055,0.214620221876365,0.173145714474721,0.464679703842244
NA,NA,NA,NA,NA
0.301644652276784,0.442737039062693,0.202792102877152,0.15514316854268,0.466637043281013
NA,NA,NA,NA,NA
0.319066127567266,0.451696664433462,0.231935053895508,0.191230677790447,0.492159082602222
0.372259426350989,0.505126275080892,0.108663959051851,0.171155407153781,0.464776385331861
0.310108149631409,0.468853721046449,0.215120407766558,0.159806118030906,0.455269489034296
0.430014941822532,0.462664699875472,0.135371140594888,0.105259019887145,0.513681191843813
0.335546650865835,0.546788566927585,0.225862246833123,0.162736113774795,0.506873223205902
0.329845957235348,0.462548343121729,0.148718224425434,0.122342412694361,0.493496470691563
0.356145196410831,0.478184585673276,0.220281480027296,0.134417538267282,0.495234726749948
NA,NA,NA,NA,NA
NA,NA,NA,NA,NA
0.317559737073815,0.475253119138494,0.224310367742019,0.118449400176152,0.489556044115883
NA,NA,NA,NA,NA
NA,NA,NA,NA,NA
0.286353301521435,0.470360847939689,0.256179187889676,0.140506867409112,0.457798978636982
0.507564133065264,0.503041506670073,0.184329228647323,0.147066521348437,0.509279419505278
NA,NA,NA,NA,NA
0.475654502279637,0.495250189400944,0.237646811217679,0.137166764019788,0.490578128327543
0.311558911651284,0.499155366211666,0.245662245737683,0.142700622216745,0.458302076705538
0.30861860874184,0.472698120319464,0.218638052622784,0.131684002952004,0.475707557230002
NA,NA,NA,NA,NA
0.320998293800759,0.46518771746911,0.189986898124415,0.157667577313285,0.485039561731217
0.34190088439175,0.47780683927513,0.230966630975018,0.167695887760439,0.453519081124356
0.28802002888899,0.494656180991579,0.193434907185132,0.123602793433956,0.476008136374986
0.273310460391204,0.4435158459851,0.191126502973952,0.156304824061032,0.491230112368802
NA,NA,NA,NA,NA
0.304209038819248,0.47132213659782,0.231862029184641,0.163416333789915,0.470846093497441
0.365446304449776,0.49134646002406,0.183972832488903,0.141525360903711,0.498934882306295
0.33297105929298,0.492708234600672,0.180465769332732,0.17325068982456,0.508294810727486
0.325461213055267,0.477074355415016,0.211758427321836,0.170766785343801,0.474952529951877
0.331246597384436,0.470985699931558,0.16147349698907,0.157205892583614,0.508697626238267
0.29631169343316,0.474088529987688,0.217833930485687,0.234543196045679,0.534942324536596
0.309873267412559,0.497712468700205,0.185557446877735,0.231705457332488,0.505833618802345
0.261540301341513,0.478931243174614,0.2246508377079,0.158507253899812,0.502891386124894
NA,NA,NA,NA,NA
0.284536159895313,0.5124713162094,0.208908201749273,0.129915454473827,0.478762794812985
0.338743732883545,0.490026062609638,0.198714770311492,0.181225260258956,0.512520383244989
0.298608555339665,0.439854982916667,0.200018832942162,0.0785698950747151,0.514504384380496
0.311788258013775,0.477815122150025,0.156683439073158,0.111297363602537,0.495287173839997
NA,NA,NA,NA,NA
0.317774823179483,0.488574841724212,0.225338719237159,0.087127821977976,0.43781127029063
0.285160568065007,0.433878400266363,0.169330070735387,0.153094120800149,0.464242769325553
0.314244955382204,0.428316132927367,0.194382126074177,0.124745651948396,0.481042374184447
NA,NA,NA,NA,NA
NA,NA,NA,NA,NA
0.289228978815914,0.530253114843855,0.205522168876595,0.0867843572130835,0.470334752603523
0.307370649635722,0.476732055150097,0.149098027288285,0.166570078870706,0.467617531561212
0.473084819265517,0.511609368683604,0.1730100400722,0.165269175370358,0.45391953345715
0.425847514021923,0.487317574218988,0.223805798401942,0.207139718216938,0.493140064291937
NA,NA,NA,NA,NA
0.39289031912831,0.45675043657302,0.158887707304904,0.132430488335462,0.499558319119669
0.288035772803655,0.524999084951683,0.173307121914118,0.139227962805002,0.499098176935802
NA,NA,NA,NA,NA
0.350644378759489,0.517947605610508,0.199317913742608,0.146744027793214,0.507029782750886
0.372742103013479,0.457919308532481,0.208171753400149,0.145127106712342,0.47927249678496
0.2734084193692,0.456355879155396,0.253519833511713,0.177765706762927,0.485531947193891
0.414791719289962,0.467417452047343,0.193690744273163,0.11326581030357,0.536873319828849
0.365426554451027,0.487138156275898,0.178538500489518,0.14358063918836,0.45955164035008
0.320072097884259,0.440384725062626,0.178425376012483,0.182519445678129,0.50726794324905
NA,NA,NA,NA,NA
0.274330420120107,0.492586212302663,0.186470368098388,0.135104019968846,0.502342367153332
0.474074140315234,0.476831852214871,0.237635579738077,0.140255560084574,0.492471229701093
0.278063495325567,0.497025121545768,0.23738143860618,0.146366729447766,0.516491860875565
NA,NA,NA,NA,NA
0.344154596207768,0.494381844130517,0.219054897508939,0.170821358027074,0.505845750431174
0.319184238002874,0.503799410951394,0.253409487083967,0.140241088371071,0.481797338706317
0.359789474072714,0.479345437319657,0.204924069026906,0.18521343691853,0.50506708355274
0.25422791374278,0.502228499315538,0.17606810713416,0.135591572255399,0.468812875636918
0.248674776904955,0.505293749924822,0.141330514718969,0.158986337608496,0.464856964855213
0.343763436097143,0.473998450111087,0.190051223907367,0.110120419104579,0.491133032265686
0.277622880195597,0.44867405331497,0.188383171144653,0.110602429351507,0.478936697493556
0.269166062360708,0.457108976617032,0.167389216603896,0.150363299234263,0.544190305035072
0.368226441228878,0.452542260948307,0.134321785228191,0.166276628184638,0.519308996636059
NA,NA,NA,NA,NA
0.446744335908742,0.501422281594466,0.176804367557269,0.155908332940804,0.475215460895519
0.440028865851083,0.493189435670753,0.207035964704073,0.100279975245366,0.496770548345391
0.393814935238522,0.450536113954782,0.161485361404317,0.147463981675142,0.525707015088979
0.436829074122282,0.467591062085439,0.247514569117853,0.109981092565718,0.500375086942743
0.303487533244951,0.484862807943539,0.204055130291875,0.116765938568055,0.504160843678236
NA,NA,NA,NA,NA
0.343618891674851,0.528187821434309,0.19137655882581,0.152298569652963,0.473605170573892
0.288922930659388,0.48114688855112,0.143544647603245,0.113450919599261,0.499193474360921
0.416848200939095,0.491341035079633,0.209879955096506,0.113938387983973,0.497537012060432
0.319944529446086,0.50431386410277,0.128476827289875,0.0956329724652254,0.511414783264696
0.311631428949362,0.489359257108438,0.206982850299264,0.157815159510256,0.5087468968252
0.285835021537573,0.49007442636559,0.232691024409102,0.130945928729879,0.467271949603021
0.337059884242782,0.444053108694164,0.158086921349997,0.167103499253766,0.490085289591158
NA,NA,NA,NA,NA
0.449268983220489,0.419812096770866,0.202484908479032,0.118358545029343,0.469097711101218
0.328107950882588,0.483777634402301,0.250590015793443,0.119618914740524,0.489332969387121
0.29349489725365,0.42483344705314,0.18812584796163,0.149174098146505,0.483939318396862
NA,NA,NA,NA,NA
NA,NA,NA,NA,NA
0.34196051099966,0.51515457723817,0.223162094197718,0.14488196567134,0.488707409040663
0.478497704927295,0.536506421449785,0.252370013017516,0.141344076954027,0.488533532644276
0.355925565590848,0.520173156445925,0.207412252692866,0.144308198003156,0.479538056167881
0.451024043496641,0.508488098209591,0.150738126377982,0.150738967715927,0.479145047230839
0.336744809518389,0.522491296488912,0.212716756511311,0.114931334536801,0.525860531329089
0.28416562075843,0.46286949749403,0.175575273801001,0.156275649391887,0.498839093085954
0.321371049259215,0.47561295477478,0.198304202208192,0.193073128148061,0.466380244396724
0.286425585453808,0.46846171703938,0.168749155020453,0.141518177774682,0.486714351704402
0.330369066134268,0.538121752841453,0.150115231818381,0.212578387637664,0.512087176977181
NA,NA,NA,NA,NA
NA,NA,NA,NA,NA
0.299416364207843,0.454143584245921,0.231098906647961,0.166867682977243,0.508645082082303
0.267397022566676,0.481951038057489,0.176063982133296,0.158213113620387,0.443853185519867
0.416883633774156,0.449646772559156,0.19385131538784,0.134442944287324,0.53281783248124
0.296113166236819,0.499321080215561,0.211164761555763,0.118862453661973,0.47504477391869
0.357625053601662,0.47732610894189,0.227347117034097,0.119651719177753,0.515648832143331
0.467565030138761,0.454226108454266,0.171770509288364,0.090664413336275,0.490181416623511
0.266262488426819,0.464396172139376,0.195622846965957,0.155126380325316,0.508435687274447
0.294701003521166,0.461464679968544,0.234385008692014,0.18475200623456,0.494435989017344
0.260136116818548,0.525498929564901,0.178735312649327,0.201146493975257,0.4777677370175
0.297553115335263,0.504244150725457,0.206823718961929,0.117769991404359,0.494012788637756
0.307474949848657,0.547548343174313,0.201547376505064,0.181402488052785,0.446416342747993
0.492650101112264,0.497977421021421,0.206032017892497,0.110481555334992,0.499407677803043
0.258388546056737,0.486855586567453,0.152540163518124,0.162375258560254,0.499107267973665
NA,NA,NA,NA,NA
0.442319044135405,0.419815836968884,0.265199380678997,0.178081601323281,0.50947389563748
0.351847522303326,0.511957010351556,0.207229451460686,0.126688766725065,0.484525446036218
0.296041385329028,0.446444990343815,0.157465765663155,0.161368271455322,0.444763221873416
0.4648343107314,0.456674576059113,0.172170068246285,0.124849817975711,0.484310208496911
0.312569039140716,0.453437245599416,0.167267134312361,0.128180164049211,0.460109012218853
0.341070667036376,0.53956159176769,0.22057432221922,0.136732901834127,0.498625542253197
0.301867672282779,0.516242494656898,0.21672087748634,0.118540096925606,0.489458494237432
0.301570219452676,0.535567602760261,0.23627367000127,0.130848232413339,0.497771075654826
0.332080820266723,0.478037820038905,0.247929009997841,0.0868501704037584,0.477685785866199
0.292901785889271,0.425580032841256,0.208364743512013,0.167823944377197,0.478607091051317
0.317717997943745,0.460517397542194,0.221924547319166,0.165816147312652,0.489425925578949
0.329269754609865,0.470275913783179,0.179793323385886,0.190357811311685,0.495832941130828
0.242709441558758,0.479266156262475,0.190753435944298,0.143852124251977,0.511501878546744
0.491832058015083,0.493954686615017,0.218241843755086,0.210915682020228,0.508629512906125
0.319523343870991,0.464623582088778,0.171383310782423,0.138188565826268,0.490385244474505
NA,NA,NA,NA,NA
0.408658484184125,0.473795282045414,0.209703351164829,0.0871702794902465,0.510736881012519
0.274981514663943,0.455381701669182,0.169069132614499,0.115389714673163,0.513077125785653
0.331126098973099,0.495067687802682,0.189257800680854,0.166527614421689,0.504682337374822
0.301534723734698,0.459127965865392,0.195573636158062,0.13891728014012,0.515276198665221
0.426929445811886,0.476266090780113,0.208798825062495,0.107709277842212,0.480928477147756
0.384602993391221,0.453423566775861,0.203383168264014,0.161134005376917,0.491986048781753
0.289697285301428,0.473431135347449,0.213170446385852,0.169042594537841,0.463265469040081
0.464505111749779,0.500267827373066,0.158140814402337,0.13788140027833,0.510139540318146
0.334478475845428,0.524901949441039,0.180385141663742,0.184704972528943,0.430725733867438
0.420389545065879,0.514687515152927,0.205128400698481,0.145699696372712,0.473771979573255
0.287292282450868,0.476063675754783,0.197761527859051,0.132167516179829,0.511937418628782
NA,NA,NA,NA,NA
0.383025211572098,0.446356106668953,0.157802276326522,0.178813818230611,0.506623125561647
0.322227668794752,0.46752138892588,0.21482481105261,0.0956277548572675,0.542660747034872
NA,NA,NA,NA,NA
0.421228181272401,0.512138228441884,0.189521880913641,0.130548918823907,0.482910787403035
0.362894756154461,0.452867183055658,0.207673380851086,0.137624644003524,0.512594528069098
0.431856038306205,0.47452030499324,0.223454283882171,0.0833113597993673,0.534921109530978
0.360691662754551,0.481459423375852,0.19295277937238,0.133315365232594,0.501182424979575
0.249205259178223,0.468898579386303,0.217996292172745,0.177196292195749,0.493946990394197
0.412136044041095,0.40948175173441,0.259872879384099,0.131271578963739,0.469946237838974
0.272022750479929,0.505209335319645,0.15112466111118,0.08586097649764,0.506147134360863
0.329562987074723,0.488149541289433,0.155465060877795,0.140107497429511,0.451825864254182
0.309615671377592,0.512230015374074,0.220333063814211,0.115951793176523,0.457388191380597
0.287269170346064,0.520226436281382,0.169325623912553,0.181342939755708,0.476221644498929
0.324900359230467,0.488504358556974,0.154161936721834,0.167768410276573,0.506116096897739
0.247109941950918,0.485738739209697,0.222932155197251,0.174037222683396,0.488226686276534
0.399505630613994,0.510017071306312,0.22411774286613,0.160318859602542,0.472866997989625
