"V1","V2"
6.12626369354118e+29,0.880017746748312
6.33707130511732e+29,0.968872914785348
5.87045148250653e+29,0.8051291074901
5.19765622687232e+29,0.820791925143694
5.6413153464947e+29,0.908094431029806
5.86868053480867e+29,0.773717528930819
7.08553914020231e+29,0.968412180029155
6.1945859886409e+29,0.82003205529713
6.03037760121783e+29,0.896609736110606
5.38110188985963e+29,0.863559662327449
5.60636873039019e+29,1.00919451612751
6.38345587130805e+29,0.992915735547395
5.4182803976346e+29,0.91382690027673
4.91922599284773e+29,0.686452284382298
5.87925794669542e+29,0.897098389125676
6.01813203812696e+29,0.836523846029289
6.07960951120239e+29,0.887896220319937
6.42953875372712e+29,0.97956914217361
5.758809519804e+29,0.936078680480124
5.74825393985515e+29,1.08911724173439
6.84979850110146e+29,0.960521832838692
5.20772526986737e+29,0.730847483489732
6.1578440210222e+29,0.862787450885843
5.40158397424295e+29,0.762467939913051
6.86388797639064e+29,1.09907435084794
6.44445263349701e+29,0.814462196338274
5.62354036587972e+29,0.873718160593685
5.46393200059073e+29,1.02760303807265
6.56316689928337e+29,0.821739414474279
6.04072026768334e+29,0.822519319213265
5.60336703929205e+29,0.739614970026356
5.90901744166283e+29,0.828830205016661
6.02680188946867e+29,1.01674047082408
4.97812983045973e+29,0.827830841668777
6.5853740627146e+29,0.820059580095683
6.26458807758517e+29,0.827429446027467
6.14462815091075e+29,0.91478179748026
4.89687975991152e+29,1.05787289339851
6.3034711468996e+29,0.926360568515718
6.12947834155625e+29,0.851024455759306
6.829824460823e+29,0.878642862730215
6.16733971964705e+29,0.865800316483378
5.65520543740645e+29,0.863669754003772
5.74695268196845e+29,0.835376786486695
6.17001707212119e+29,0.962157948234876
6.27972708353691e+29,0.850247941899032
5.91677106537829e+29,0.968210234958351
6.06945853732085e+29,0.810525234471069
5.18688160967173e+29,0.943334043406614
5.4885813391581e+29,0.906671984626937
5.47166673022649e+29,0.816885392623915
6.12431729553104e+29,0.959130069479558
5.52268021151171e+29,0.89416262559758
5.62947310948412e+29,0.870849889526788
6.16379962179446e+29,0.898887038314596
4.8643393797792e+29,0.939561604357219
7.03131909585947e+29,0.903904838949938
5.68081654864777e+29,0.930967256075475
5.51965712433499e+29,0.862037490365873
5.74493095326712e+29,0.8028979736325
6.13697408000698e+29,0.864648867890104
6.39780899053134e+29,0.952472163954214
6.20083611807523e+29,0.968401257057756
5.51246638512676e+29,0.943955207135104
8.50629589970125e+29,0.932122741797475
5.38720353278418e+29,0.866497788950942
6.67558670084124e+29,0.925415315323173
5.81001814737931e+29,1.01487983539504
6.62744294721804e+29,0.998587037308699
6.81844131140146e+29,0.912147363528405
6.76919841815982e+29,0.926791633644456
5.4761370865899e+29,0.877382170479189
6.41708172704983e+29,0.864409475214763
5.94543199470083e+29,0.886625823419652
6.00232751349532e+29,0.849696549959712
5.66859616497116e+29,0.806126195462523
5.43700612726739e+29,1.01064921783929
6.65424633670503e+29,0.875802693350115
5.62904139246752e+29,0.895471686992857
5.61015097576113e+29,0.816649597474983
5.2713347091325e+29,0.857479591445244
6.16672209796525e+29,0.896624363078188
6.72517779822768e+29,0.928794691855752
5.58862820230475e+29,0.909859049743624
5.2502660304439e+29,1.0002979665296
6.23062945475004e+29,0.84787760645442
7.46545304254075e+29,0.976433512859153
6.64097005425063e+29,0.975368329450431
5.902974230959e+29,0.767732590522038
6.13442747405982e+29,0.823241038320334
5.50394523295667e+29,0.884935988626452
6.74083016635399e+29,1.10866826806629
6.815411416002e+29,0.847037960379648
6.59366124559948e+29,0.980797489205217
5.826501780246e+29,0.98025805960082
5.27812731015841e+29,0.872539330300869
5.15758204879994e+29,0.858456208609869
5.94093560788642e+29,0.945678196493776
5.00011881900323e+29,0.854752234924131
5.87884654031085e+29,0.885767764701529
5.13590453949128e+29,0.82503280619723
4.92732265691532e+29,0.810431070031802
6.57986612158091e+29,0.893901925779111
5.56996461994746e+29,0.90325693482117
6.92734634942807e+29,0.898136968262731
5.45927086904052e+29,0.964684282378597
6.23731687265538e+29,0.792202069538921
5.9390485485151e+29,0.966344465526912
5.91672414263294e+29,0.855064397764248
5.50299257184778e+29,0.887676565955863
6.23188373256902e+29,0.734431129072016
6.12171478004004e+29,0.947019139608167
5.65043422863221e+29,0.883395002954647
5.83757856024872e+29,0.830061016869462
5.80855804448927e+29,0.903925240543212
6.20658059772415e+29,0.866798307279206
5.96329867406925e+29,0.849074413204763
6.23419079845425e+29,0.862617342492066
5.66380135310711e+29,0.855326321062474
6.54919960480414e+29,0.937317727471155
6.16225085315159e+29,0.829730512334986
5.93982037131215e+29,0.886696357734138
6.3873587408081e+29,0.950302983242575
5.62112569251154e+29,1.08096759073626
6.01949773139301e+29,0.862367436265951
7.12446803792844e+29,0.87709651724369
6.02956654452171e+29,1.03965627326998
6.33652045682163e+29,0.865919878607821
6.39394073487088e+29,0.835152959510028
7.48444697062422e+29,0.887238854134598
5.67416831972418e+29,0.794253837682182
5.90892815181114e+29,1.03457256158253
6.51448464230714e+29,0.75204343355937
6.00959069955898e+29,0.81077316583969
6.16102865823556e+29,0.952590809905531
6.7572534502073e+29,0.944658927819202
6.03587580551665e+29,0.847206772557525
6.45342187831146e+29,0.785265300848348
5.48933043667379e+29,0.889227160950701
5.96328008616574e+29,0.82291927421688
6.06318245634271e+29,0.856995349940559
6.67826119779224e+29,0.847472825269047
4.98068411639559e+29,0.933195624337483
5.55612363586621e+29,0.784705351347196
5.30272546662642e+29,0.883412426185035
5.43670352535333e+29,1.01006941178747
5.2173225054989e+29,0.859321951111392
5.92291323358005e+29,0.892283449700825
5.79271593490187e+29,0.848224715072969
4.77245815090287e+29,0.769082893042541
5.4641953982741e+29,1.00530755148151
5.50513531753098e+29,0.939847774317917
4.9669447855834e+29,0.823410350693384
6.83204852526131e+29,0.879395820950759
6.54042017693095e+29,0.98399075807058
5.68017255556925e+29,0.892718905266942
5.87173337788428e+29,0.90872638241041
5.90579990179615e+29,0.980784728344439
5.59502571579355e+29,0.844320707570807
5.64168063422204e+29,0.798318715320348
5.21170006261014e+29,0.834913362250717
6.15121893231124e+29,0.886015418893148
5.46247325145008e+29,0.794729858928096
6.2043092363018e+29,0.876533215645118
5.77703744993576e+29,0.902440490976588
5.6616707563496e+29,0.809116513995952
5.40812274262104e+29,0.901344585159207
7.167223160338e+29,0.846808647891741
4.88561079256915e+29,0.89136577752869
4.48794744893351e+29,0.931172609670309
5.46666143998652e+29,0.928892953507503
5.81272721159189e+29,0.786728240387398
6.63967290511661e+29,0.918136143891025
5.5592412978552e+29,1.02528336027332
5.4768681567073e+29,0.801149571914636
5.01774774637396e+29,0.760947395364691
5.87888349415079e+29,0.986736341288932
5.88656945314446e+29,0.783324445532066
5.59748386748594e+29,0.858611226781588
7.11572224319187e+29,1.01174190974406
5.25992025021168e+29,0.865794164185971
5.92432305700847e+29,0.942191488320278
5.99439073097172e+29,0.850240949987014
5.49244876362339e+29,1.09728038095069
6.13881046436702e+29,1.02749238970942
5.29012371676304e+29,0.875348837594414
6.39772881014768e+29,0.848959675547021
5.97656712852274e+29,0.758689111291173
6.3797645216123e+29,0.8809335966712
6.01747869564217e+29,0.895701765088352
6.59659429271426e+29,0.908103857622946
5.47779608644454e+29,0.808183062467859
6.69456458614588e+29,0.852171411376543
6.17978338332947e+29,0.839000791617902
6.21255380509807e+29,0.92269874968617
5.27336263946102e+29,0.82415197237658
6.01879022116132e+29,0.863977016393385
6.15187342672199e+29,0.82404538358032
6.55779206164062e+29,1.02212885067421
5.38645760043446e+29,0.856929073143002
6.40784564510004e+29,0.845103129447962
5.64272345238497e+29,0.783482158141051
5.91885917262213e+29,0.837546552264956
4.89079112008602e+29,0.788127486066163
5.14155154946591e+29,0.798024421468018
6.07929516781906e+29,0.931455311569037
6.05797377522109e+29,0.887011720860945
5.93254073660606e+29,0.868960251899231
6.39942318789647e+29,0.877424770534337
7.29103717948465e+29,0.962588640394675
6.1107990464572e+29,0.92607210271448
6.68040841496001e+29,0.926811538912745
6.69872458103244e+29,0.877240013822524
6.72577901482436e+29,0.980697899426904
6.19342313267959e+29,1.02795226573359
6.47494754202702e+29,0.961285415258195
7.31006355569859e+29,0.81432450032061
6.88655153118822e+29,0.999099735605518
5.78241155798748e+29,0.866669370870857
6.37486488089302e+29,0.879817364596161
6.61812067727638e+29,0.887435749848716
5.30609004679892e+29,0.912179881552919
5.24157135318189e+29,0.808376371549719
6.40911512357232e+29,0.852255701338319
4.92984068951912e+29,0.963319774957097
5.84336793670973e+29,0.923863140006868
5.84265237115484e+29,0.921703307143966
5.65205390630582e+29,0.8714977533891
6.23427549019278e+29,1.01098941543197
7.24449948659251e+29,0.998854518846176
7.30272264171513e+29,0.972303401165892
6.22238868223254e+29,0.784782479323493
6.50837022533181e+29,0.830635972363978
4.46139928770855e+29,0.814237255052399
6.58669443287098e+29,0.693076976941455
6.59926479306178e+29,0.931556204143497
5.24410831308913e+29,0.963515133439947
6.06419643895803e+29,0.726856610773843
5.36033306352635e+29,0.854767704706052
5.76821557370234e+29,0.810251123149986
6.0267132629719e+29,0.970858575916436
5.88902408965444e+29,0.767799784381286
6.93190793520564e+29,1.10325190282745
4.91045206631277e+29,0.910927098212657
5.80748646053546e+29,1.04284046568877
5.103367472582e+29,0.712230873000025
5.09533517116164e+29,0.830389060492152
6.83869628738295e+29,0.971464457209471
6.00207434625672e+29,0.781238437412182
6.08427528079232e+29,0.899940563982511
6.17025744138761e+29,0.828240269101442
7.46618076968563e+29,0.868085010524752
6.23985431036083e+29,1.00011128058369
6.28989892985969e+29,0.969622144194825
5.08508478996169e+29,0.844956520432588
5.93937198785705e+29,0.991109092447585
6.7810137679488e+29,0.99949777617996
4.8948282567108e+29,0.840936842101756
6.47675496669882e+29,1.00373701493394
6.4925356330413e+29,0.979289636136999
5.11724077151999e+29,0.72914641073448
5.37943301187753e+29,0.806689982934391
6.19501090615271e+29,0.921034411076612
6.13519346686553e+29,0.917427283264152
5.93017286513903e+29,0.945750580121092
5.98722151412989e+29,0.691045454824628
4.5987462986092e+29,0.772495647170617
6.35329119734673e+29,0.928248637205034
5.98519748611876e+29,0.999356163982485
6.11025236842807e+29,0.805146352202687
6.23899404952049e+29,1.06297160717588
5.4121940616739e+29,0.939149629038865
5.44045535757503e+29,0.849704334097341
6.61119244072089e+29,0.880435518454801
6.67531765459631e+29,0.742439260026666
4.6643722578718e+29,0.905128879164005
6.3723397083179e+29,0.885212014056548
4.82223640602971e+29,0.901035540463658
5.60353211225094e+29,0.940735484801376
6.58632807629654e+29,0.804504547280503
5.66302546942426e+29,0.883875203050722
5.45243272286319e+29,1.01798787756534
8.04578745700345e+29,0.980540978895302
5.77615295151481e+29,0.834380971950302
6.00025186474966e+29,1.00160315392557
5.16225828768734e+29,0.967759631161412
5.5314773713054e+29,0.919995809213215
6.0569859852498e+29,0.909082806798805
5.52400727825952e+29,0.875159892179568
6.34449394199892e+29,0.912890153640797
6.09748298397285e+29,0.802313967297349
6.15492132142159e+29,0.900112355227881
5.07031901168981e+29,0.950497729018359
4.78611883566512e+29,0.937617365395722
5.51674056639423e+29,0.824831201410399
4.75195484786617e+29,0.883149405439155
6.84301571975696e+29,0.938285872504673
5.29715434594257e+29,0.822970350389015
5.38377622391168e+29,0.921747171741396
4.59603033918639e+29,0.812938502423942
6.02113373114075e+29,0.868781821183554
6.51717536982438e+29,0.942728813427327
6.15589609351418e+29,0.871367143745294
6.06941992873034e+29,0.759253487941739
5.44851435910172e+29,0.816740160217903
5.76291769537734e+29,0.879008589727606
5.88962417885477e+29,0.862323019124603
6.27549422410793e+29,0.845008217473085
6.0771134314308e+29,0.813552865729163
5.33193990755586e+29,0.819602757975653
5.64032372075491e+29,0.916502729787015
5.4730762488668e+29,0.850715894169458
6.69687543808557e+29,0.654750435194506
6.20220878990288e+29,0.855538347774145
5.51556173566491e+29,0.941344285811286
6.31822951881879e+29,0.946854120912442
5.30453460657051e+29,0.861008309499179
5.0565183049303e+29,0.912501862456821
6.3617905425272e+29,0.959147406614896
4.94944019488179e+29,0.917084815349904
6.95306077667111e+29,0.873131675837244
5.66078410460863e+29,0.868644739500842
6.32818225610924e+29,0.80377191062017
6.93357793676749e+29,0.96821325994203
6.92377474043718e+29,0.850061910215158
5.76083711705225e+29,0.794048075639126
5.5324649169137e+29,0.832447803471135
5.63899865044431e+29,0.971725507952521
5.21819741620023e+29,0.956477545974878
6.83379539643063e+29,0.93512972996516
7.55878037011855e+29,1.1115936246494
5.37141141739809e+29,0.850044066653509
6.69715148429575e+29,0.802093611399349
5.89597351584559e+29,0.895169093094372
5.84764280356289e+29,0.895857122481172
5.85260903788579e+29,0.802515555812458
6.80576865066608e+29,0.868807348349796
5.7146544729139e+29,0.981699377509879
5.91173393761626e+29,0.850257922871982
7.29943460331123e+29,0.839181867423672
6.84313443827693e+29,0.881187702144899
5.27829971450869e+29,0.732253469231085
6.48705931154901e+29,0.748319047288527
5.63067828784713e+29,0.908465715117499
6.58330640812119e+29,0.913728234536027
5.63026366828472e+29,0.912367618303242
5.11901731035737e+29,0.961719414076021
5.76342193310512e+29,0.794883099065739
5.02571166983805e+29,0.965483268432677
5.91981556145616e+29,1.03430215095823
5.87912467494363e+29,0.877129771899781
6.31608567024865e+29,0.99904476480504
5.23528111107588e+29,0.673290687742942
6.22223954977525e+29,0.886074079383846
5.1866800223402e+29,0.928704675460174
5.48413300273874e+29,0.922518983623069
4.54054380138658e+29,0.872421419356675
6.29063369468454e+29,0.847561065734693
6.13466140693068e+29,0.884978312199082
6.3467925760324e+29,0.851136974681131
6.7147623576218e+29,0.993436994823673
5.80798785532453e+29,0.958225437184348
5.50478920738194e+29,0.856751278255098
6.4134668354658e+29,0.846859799506232
5.80646918162812e+29,0.855075343077321
6.65712642720304e+29,0.932260275388072
5.79959565667053e+29,0.879411530224889
5.5749747965622e+29,0.92314340890088
6.00698984393563e+29,0.78028802736169
5.57139744604929e+29,0.878118122240494
5.65138960318037e+29,0.796315384383713
5.59644706176185e+29,0.876865893309411
4.92211835993825e+29,1.01115403078608
4.80652204260398e+29,0.817543682511761
7.4656078425815e+29,0.917301658692708
5.56205303825556e+29,0.787195160863242
4.77815381102505e+29,0.843156750478852
5.53127595383068e+29,0.84304466719942
6.0024894396134e+29,0.932523372663088
5.46874675826474e+29,0.83376358891186
5.77323877378877e+29,0.81436607820297
6.16597792283259e+29,1.10136512289203
6.10673089232883e+29,0.845695947926754
6.5284818328064e+29,0.983213460850811
6.3848753607446e+29,0.990207790733589
6.29638116963691e+29,0.793743060863884
5.24078438787778e+29,0.904805271191076
5.42946819979578e+29,0.989621068653268
5.15976227003492e+29,0.905780160857404
5.81331626275137e+29,0.908620730083146
4.63210581452245e+29,0.853029137984667
5.96389640014143e+29,0.823329025315469
6.76476941420964e+29,0.996794601134042
5.53231914593705e+29,0.865322316645472
7.66439686886004e+29,1.03046096067569
6.30235725088523e+29,0.821781194729853
5.67350283093134e+29,0.758507227311444
6.15842372640992e+29,0.850050603451133
5.25130751648217e+29,0.940176563951212
5.94943672925206e+29,0.927945407207937
6.26212006260882e+29,0.916930039371769
5.04462539552594e+29,0.838531605162258
6.00993562905599e+29,0.876322975295625
7.75526748170084e+29,0.84992668725394
5.61180571180389e+29,0.860449417620256
5.21588453440599e+29,0.939541022608848
6.10872044378142e+29,0.857602303164418
5.93425601606295e+29,1.00606260778221
5.65862976010827e+29,0.916546670349719
6.28926333086727e+29,0.95345573908491
5.50844371900019e+29,0.828106577392635
5.99850085134299e+29,0.93860755793749
7.57623162640863e+29,0.876632400907779
6.52670181694473e+29,0.845460587305537
6.16428689719404e+29,0.929794377677709
5.84615262178836e+29,0.845514108874095
5.82559640951938e+29,0.873513826511874
5.13086792275461e+29,0.972842742538372
6.42630931563294e+29,0.9007444780123
6.44763215947978e+29,0.815377325896473
5.94542220454553e+29,0.91725008527907
5.12510275886052e+29,0.924464364621369
5.98331532893259e+29,1.01471713621128
6.46149829210988e+29,0.94080575454437
6.98016018415443e+29,0.946700765264648
6.09910979719098e+29,0.926512766494538
5.34325165563961e+29,0.779046222295269
5.226625296596e+29,0.88188978012269
6.10550313103701e+29,0.962345111104926
5.02181772955416e+29,0.807455143800453
5.27156815898193e+29,0.961224051121733
6.39579489268168e+29,0.928517758281375
7.05666401170246e+29,0.822572320871958
4.98281120422193e+29,0.923314396806711
5.78096556843506e+29,0.773743065772149
5.47332823238864e+29,0.933646738011896
5.91376985014017e+29,0.875313503136263
5.64214644678917e+29,0.877557163303214
5.70598155578894e+29,0.903793612238232
5.5541846026283e+29,0.809736492157144
6.69322183368042e+29,0.893595490445636
5.25789046003877e+29,0.836764712769167
5.37916993732375e+29,0.854281962655658
5.98540989654172e+29,0.915916703477176
5.71036068174611e+29,0.839527541716191
6.01963212424615e+29,0.883435949605217
5.89307862155924e+29,0.902440450104012
5.8504484386289e+29,0.964991539047157
6.07154676596908e+29,0.972950376462747
5.57446843272943e+29,0.843513464821675
6.91868901491848e+29,0.949834881923364
6.31544669962268e+29,0.903401213717811
6.2871487851457e+29,0.83458085660532
6.06414052038566e+29,0.898297756890806
5.43512993966016e+29,0.851588300763409
5.90755581799274e+29,0.791001801098323
6.68514141460981e+29,0.979851249866923
4.89803772244456e+29,1.10531536421245
4.82324020868882e+29,0.960428951108355
5.22160136471797e+29,0.849008167855667
6.36639478579566e+29,0.957797403550342
6.24820745718797e+29,0.796056967838247
6.37606160663217e+29,0.960609959618655
6.82614990586775e+29,0.829976200878958
6.89585850918896e+29,0.921375029939322
5.09214305392556e+29,1.04862142260696
6.39623365855258e+29,1.03435055293831
7.79368271515147e+29,0.865349893118324
4.62592860649861e+29,0.831334465985188
4.69104025237499e+29,1.07432289953119
5.27409588755723e+29,0.881137021692888
5.84608873077196e+29,0.94952500407029
6.1251376274872e+29,0.958432475194574
5.95197716190426e+29,0.865066031017985
5.83223306206198e+29,0.852558423714366
6.27539078585061e+29,0.98792037046981
5.66130416213561e+29,0.776014848623151
6.13444652632228e+29,0.846133371780881
4.35175491887911e+29,0.954549756059837
5.56444486227695e+29,0.942656431021269
5.67647091972129e+29,0.839807292667075
5.91156841611102e+29,0.918624667929783
7.62735706211563e+29,0.985595667795393
6.94415912730145e+29,0.849621734985393
6.63006692739147e+29,0.845141704589792
5.02148201245773e+29,0.927673920204341
5.40873781371279e+29,0.793126338124353
6.67637919206174e+29,1.00743240979597
5.52900147498887e+29,0.859933697245453
6.49852794703598e+29,0.789232031226487
5.5172892009102e+29,0.91107973907369
6.34871298920398e+29,0.889643804532994
5.53964649528268e+29,0.725897144792981
5.40707190123115e+29,0.82132040451496
5.44773031175864e+29,0.881792658838884
5.14571223298876e+29,0.916271396794073
7.03714026341403e+29,0.83097269831875
4.8649685735929e+29,0.81167265584912
5.53878049957652e+29,0.854637783145598
6.01107373117692e+29,0.826214136564388
5.90688484115975e+29,0.879271974894136
6.10464890987571e+29,0.858539688137859
5.98302039675147e+29,0.928342539664892
5.74318247185051e+29,0.862408228213127
6.20445444575104e+29,0.788656390674152
6.75877285176674e+29,0.913298457663797
6.24412298502962e+29,0.950273053801898
5.84829581961245e+29,0.987373595913072
5.16691352032718e+29,0.835507684764923
4.38716522167063e+29,0.823718224651443
5.81471859262669e+29,0.87012812057999
5.67033798448773e+29,1.00206458106817
5.42450870192279e+29,0.844715441561556
5.74967705687891e+29,0.818591963198259
5.90017858212055e+29,0.881020565237505
6.15322012608834e+29,0.901192342225527
6.13711430881823e+29,0.830569792682809
6.93211905021975e+29,0.951103915098399
5.63640749956791e+29,0.834697418213845
5.91825104164169e+29,0.869609603217542
6.09356533892165e+29,0.87631033988244
5.85955398334402e+29,0.854075403714443
5.48501200864611e+29,0.858158902279709
5.20937876040436e+29,0.884811854847017
5.40627523012068e+29,0.790403303737245
5.54335650168367e+29,0.921613926982256
5.40628105839425e+29,0.982585778313325
5.75229804794955e+29,0.832490974499536
5.5549410776994e+29,0.911660402176164
6.06169853353783e+29,0.689077740157073
5.69911465725152e+29,0.894085194398554
6.08665081625965e+29,1.11870959105898
5.76131756852063e+29,0.79879271735957
6.76568408451568e+29,0.917711736946406
5.84620718367092e+29,0.954849889257856
5.7774374664777e+29,0.816373739053274
5.63338326188225e+29,0.822261021461736
6.08809823281022e+29,0.849744803399654
5.73851437066129e+29,0.800895865966296
7.00548683387115e+29,0.951225237828835
6.2201188018597e+29,0.758313862165864
7.0077792421842e+29,0.934562302909478
6.84246085506049e+29,0.928829445198486
6.28910260424402e+29,1.0106197292165
5.34650033053832e+29,0.792070250667045
6.18772350318207e+29,0.860718856993455
5.58600122373681e+29,0.834936477220466
6.56833714832048e+29,0.849936258510901
5.68342806113628e+29,0.879144256145982
7.14768892391884e+29,0.928246748846218
6.31001029190557e+29,0.842164245489182
5.56812456127587e+29,0.917946620008319
6.19023279431361e+29,0.7674737551704
6.22764599734911e+29,0.87748942494506
6.24769092383768e+29,0.818750420406925
8.57710162770096e+29,0.882363341028549
5.02064610022947e+29,0.822572038827099
5.94623830393731e+29,0.954756612403939
5.99645705032156e+29,1.03983952129448
6.00748208231578e+29,0.96778062453248
6.21786442493933e+29,0.950903718420759
5.36391165205228e+29,0.910149554240768
5.64165014117495e+29,0.798496238958424
6.01015532742816e+29,0.893806325965033
5.34021516427833e+29,0.765015421995319
5.4043064276612e+29,0.868553565763155
5.87790885002754e+29,0.855055611425038
6.07303480385353e+29,0.883280167212344
6.77954511407402e+29,0.847421980062498
5.22389176590271e+29,0.737959253377255
5.59954139093513e+29,0.822806503476246
8.01703797520309e+29,0.851846649379996
5.30052547735799e+29,0.929562753563917
5.08382356770243e+29,0.760776870165916
5.29322029925203e+29,0.883565768881856
6.41959223695423e+29,0.880294464917541
6.05583555268243e+29,0.938709725421466
5.84461802049011e+29,0.958613027894503
6.20618835715225e+29,0.835334080579949
6.14943157137758e+29,0.783152833955924
5.14618086503211e+29,0.923504203336967
6.02030680891513e+29,0.979075881389353
5.3555314283664e+29,0.91146494465257
5.6013164034702e+29,0.706213068599523
6.1296916418995e+29,0.828830147005098
5.40351410610844e+29,0.802570556152136
6.00425557962674e+29,1.01743855776285
6.41830411370816e+29,0.925781229319177
6.67202918705516e+29,0.910626777825489
5.60870878066195e+29,0.806356022070953
5.4240490810259e+29,0.940702038989211
6.06005676163723e+29,0.993348603721597
7.44568447467796e+29,0.788508530961657
5.6057787794431e+29,0.928548854721341
6.05935123086526e+29,0.837149884014996
6.66209866640354e+29,0.882926199999523
5.6313802062855e+29,0.84079179734411
5.02562029747794e+29,0.98011927223506
5.17718593120054e+29,0.838745575016886
5.26581287188687e+29,0.965556210077848
6.36741054879617e+29,1.00872261766484
6.14577113573348e+29,0.810957481716892
5.24386443587717e+29,0.978282462957595
6.24660077205702e+29,0.910924857831759
4.9288129796888e+29,0.991724624842861
6.31614801244819e+29,0.7743385367065
5.58094386553896e+29,0.873021896439958
6.28967253144897e+29,0.909984767191265
6.09325176892877e+29,0.91117380223492
5.25798226071754e+29,0.800489071112803
5.9521545349854e+29,0.93588561735812
6.05443249156215e+29,0.976679581393621
6.99786472567169e+29,0.897863513421743
5.78662686662618e+29,0.917880885690347
5.10098046143026e+29,0.878904954356353
5.75765638637843e+29,0.853966549823773
6.2576581794645e+29,0.912024112322209
5.45390644096234e+29,0.952242331384513
5.9279012014936e+29,0.937874473117911
6.36284177501155e+29,0.889807578264366
6.99989763937512e+29,0.878298505106238
6.06215567769683e+29,0.831258455964318
5.95577928781768e+29,0.930310748682895
5.96895454745172e+29,0.909283909985269
5.43994148969914e+29,0.982840462522657
5.55427106376652e+29,0.863189968314215
5.46189691456052e+29,0.765015577260939
5.71354656551238e+29,1.01145492331657
6.89309516353199e+29,0.771439559699074
5.39839565028361e+29,0.857114139538453
5.40693110249955e+29,0.906061645607248
5.08203652951709e+29,0.805970679980123
6.1378861763039e+29,1.02064199756878
7.27515909068925e+29,0.844924496473752
5.5411738138933e+29,0.860474450397501
6.47866650046794e+29,0.998142126067303
6.94363209719012e+29,0.957768459493063
5.68606803879157e+29,0.808242418648344
5.83364686865699e+29,0.845150249406683
5.16872776314703e+29,0.730034798245886
5.7454393004414e+29,0.796970034486403
5.76775158639983e+29,0.774365331365348
7.20110539857032e+29,0.847805827970682
5.61954809382194e+29,0.864587138590247
5.23050220727975e+29,0.986513206075171
6.95708779419139e+29,0.945338550811546
5.54740505639496e+29,0.829417135110159
6.38225930604306e+29,0.81549157942066
5.89934293032617e+29,0.818124956930444
5.78626972334962e+29,0.886919932799477
5.40910991433701e+29,0.808859281969402
6.52678231785583e+29,0.955174598341316
5.76046385805269e+29,0.904216157237361
5.21256273566371e+29,0.846828564710785
5.63630237505933e+29,0.904726294225487
5.83875317763265e+29,1.00963476135445
5.58696921395663e+29,0.779228879507587
6.01805217957932e+29,0.761474202821895
6.02972360827822e+29,0.837140350310632
4.99308286580799e+29,0.866396930745444
5.74449901162253e+29,0.791294678004397
5.49846543610428e+29,0.722193601964039
5.64313029768913e+29,0.878434494347442
5.7604463073386e+29,0.76159538675603
5.38251953790763e+29,0.985263961888899
6.50574309248911e+29,0.991760435587488
5.01168695480094e+29,0.96451615515273
5.6645932870572e+29,0.892410251860337
6.6042809290431e+29,0.934203219478304
5.72193942931498e+29,0.912839564559568
7.02711080945917e+29,0.996116651456945
6.85415670332029e+29,0.826787970755341
5.22924314246208e+29,0.869985798671736
5.40582286271578e+29,0.807545556478329
6.20400167723904e+29,0.987195529790283
6.1636125259343e+29,0.90220331118756
8.04304423639475e+29,0.961424973354219
6.0623076377594e+29,0.98391495396023
5.45286384664802e+29,0.955402229122325
5.21731574564246e+29,0.821843160311612
6.2705755659157e+29,0.916964486793754
5.43837492955332e+29,0.954148292367018
6.12552715362775e+29,0.988082214156458
5.20122250733529e+29,0.788250391670328
6.12917444804006e+29,0.944497873630067
5.63726599238842e+29,0.893179933036959
6.0557645727498e+29,0.896091015166492
5.73492753528593e+29,0.920840774941435
6.03805954386852e+29,0.987111968032481
6.04627681062525e+29,0.944500303282825
5.12942070854224e+29,0.771548564702107
5.04387696390412e+29,0.81890772735921
5.71747841709929e+29,0.866728996728016
5.97827820928536e+29,0.885758293369397
6.04812809395055e+29,0.87012918186331
5.85579286842434e+29,0.984382114591622
6.11980432892226e+29,0.96748748528522
5.18904253691232e+29,0.774693613165702
5.33077343249292e+29,0.92038965044762
5.00852715034938e+29,0.764581397469903
6.19502788692271e+29,0.889772772293655
6.42031366065242e+29,0.962554855921438
5.74847968560959e+29,0.80307531844266
5.40101042615666e+29,0.905727724320561
4.98496942228231e+29,0.908262899404321
4.96685446937481e+29,0.826958342043922
5.98282777367291e+29,0.738524238890673
6.12425685208163e+29,0.781086394675547
4.64261246515835e+29,0.829305364841367
5.52297273054099e+29,0.950081242751693
6.36583338497395e+29,0.872125285825931
5.12119273935997e+29,0.78655442885756
6.29031800841678e+29,0.841535492610661
6.06317315684006e+29,0.936345064419664
5.49988220794882e+29,0.880760892821105
7.01903666377577e+29,0.931472295245395
5.6304687235275e+29,0.811905473058897
5.81429966868782e+29,0.855280813064659
5.17104985168974e+29,0.81196980877592
6.53406349672612e+29,0.986972276501785
5.55205701098929e+29,0.854201513710276
6.56556970560346e+29,0.875298352233452
5.5431405110615e+29,0.901109013953349
5.62019385153088e+29,0.902577703569581
6.57082289740978e+29,0.865961377027545
6.37185719166725e+29,1.02090046633796
6.80282887054195e+29,0.739423242514225
6.19656711708143e+29,0.888060391344994
5.5668586545672e+29,0.894563208800584
5.3433821672781e+29,0.935832251407174
6.26831550308538e+29,0.823962097393399
4.79068111772638e+29,0.883160980367917
5.38373018956608e+29,0.867676626313466
5.08281115672116e+29,0.739208781895223
5.99578894504048e+29,0.837542979988449
7.96886839007101e+29,0.882670090974521
5.24861458123976e+29,0.932554859693229
6.13089954373177e+29,0.857428391472774
5.62600859738187e+29,0.795695915836788
5.53701463708271e+29,0.905263386072238
4.45178339804596e+29,0.804105070554883
4.99403394632917e+29,0.916232165286917
6.69785045493113e+29,0.938835492193422
5.44777887330308e+29,1.0983588716195
5.73380993141478e+29,0.891574362114563
7.10385301751841e+29,0.947050530612238
6.56853081552694e+29,0.917875809723323
6.34291338727611e+29,0.856795069936532
7.30998139662805e+29,0.947042287062224
7.58619980636493e+29,1.04704166006071
5.28983451912054e+29,0.946984612951818
6.98924526893699e+29,0.846333619663488
6.54124814025955e+29,0.767991294352656
6.03146749385606e+29,0.967054975013217
5.15376003011315e+29,0.814815004189616
6.04465068823602e+29,0.918722116572083
5.28910441907898e+29,0.821609306137506
5.50734528704472e+29,0.819340632382641
6.1538039982469e+29,0.924724093195114
6.03266502148211e+29,0.841405422658416
5.96851150960558e+29,0.873874886575446
5.96170573199691e+29,0.952040842174358
5.65796664063721e+29,0.875466188883894
4.99448151412437e+29,0.829755662096659
6.02618574657205e+29,0.951341913679151
5.31718380657259e+29,0.800784759897529
5.48261406142982e+29,0.949945429357608
6.82077555216884e+29,0.810466510809541
5.13646115899409e+29,0.868795945524684
6.19491838067275e+29,0.881695908875849
5.31372187501445e+29,1.10700613371951
6.9210791104403e+29,0.820394041499568
6.68277617454718e+29,0.757001106841618
6.28797829610139e+29,0.804927681522292
5.49856039824716e+29,0.82691488513445
5.17451855364781e+29,0.921339755646271
4.92427369195592e+29,0.835463657764056
6.21937268206833e+29,0.878885441137483
6.38926517919008e+29,0.828187884368015
6.23870780447187e+29,0.873383635744517
5.89152418910674e+29,0.897847517505586
5.6055981786702e+29,0.912609896265014
5.76607808730384e+29,0.872741648192115
7.6244221286324e+29,0.903297760842372
7.65670171140156e+29,0.885239789601679
7.51073079360963e+29,1.00270471233186
6.36473280031667e+29,0.912432632474311
5.13271710576007e+29,0.828001121611919
6.90398606709284e+29,0.957599696285012
5.94531787751126e+29,0.846295842751688
6.33860918965643e+29,0.87867888637276
6.88994266653325e+29,0.876202373650375
6.49119208281606e+29,0.837102996303363
5.28583700503529e+29,0.90428880837213
7.39182714835195e+29,0.931935437992302
5.77739802636167e+29,0.910193770923389
6.70534154051926e+29,0.935231205124048
6.65687210935066e+29,1.09401470530164
5.82972766166026e+29,0.832134486666546
6.6195660210586e+29,0.721197463220959
5.16999520740947e+29,0.883471845271397
5.44790390061888e+29,0.77409902215319
7.08767441211113e+29,0.91446271410912
5.4433502579651e+29,0.953267470600696
6.1201040534611e+29,0.929499008120915
5.53433379231303e+29,0.821323707990108
6.8278137760705e+29,0.907588454446607
5.54850831755156e+29,0.91533482225936
8.01446089399501e+29,0.941875411486623
5.83058028962339e+29,0.862476650619067
5.78076013588026e+29,1.00761446629276
6.62643090764522e+29,0.95446731243197
5.43479845764441e+29,0.929736971409909
5.37894360759579e+29,1.03177353827065
6.66824672978239e+29,0.88586905692742
5.81344106045935e+29,0.936612859192352
6.09825443036647e+29,0.84734184463581
6.15202307217933e+29,0.912006809976018
5.1585464172543e+29,0.948385805287844
5.91014091543841e+29,0.940063972803658
6.30579376069609e+29,1.09575648710349
5.87414030209206e+29,0.799072758004643
5.97484350161652e+29,0.917462187503551
7.25220881082899e+29,0.906210846681485
6.88243984907627e+29,0.935172102609561
6.10503774369812e+29,0.810019560274637
5.98364918527893e+29,0.979640866044095
5.7596097783538e+29,1.06169410938357
6.50282543440026e+29,0.919419626539852
6.34311291598793e+29,1.06531792299348
5.35464348833458e+29,0.821990129231113
5.91893501240744e+29,0.839036940726184
4.60634036382448e+29,1.06112547080322
5.94761613724342e+29,0.873862551226314
7.16227363088844e+29,0.904030925262374
6.10334030080135e+29,0.920345573540837
5.54555653890118e+29,0.907662254967667
5.94857997003647e+29,0.865348343629087
5.58357118371432e+29,0.759528198705474
6.7179413628571e+29,0.888680496243283
5.23632431033351e+29,0.823274393689453
8.55483113336479e+29,0.882428463332277
5.41662380499605e+29,0.802611217123353
7.1039556412824e+29,0.979061333440449
5.03487663912933e+29,0.882514086599103
6.81183963475789e+29,0.905220856777644
5.39219306869973e+29,0.806588626335035
5.68481755792963e+29,0.819619184498853
6.60297390495584e+29,0.941208524346009
5.2161401742558e+29,0.865040496350867
6.09209541665383e+29,0.935724948176172
6.40217582285682e+29,1.01828517564137
4.32247345044652e+29,0.860295403218395
6.21840903293416e+29,0.888708762640686
7.07748747871577e+29,0.99282960175755
5.2045109181397e+29,0.918232946380845
4.95142720580823e+29,0.914573012276971
5.47855484244383e+29,0.868036491528136
6.03687186537557e+29,0.927979679743122
5.27045368542335e+29,0.803037785048033
5.67607374302852e+29,0.779213509421822
5.65478705119138e+29,0.874102105947666
5.23242266917744e+29,0.846777199131671
4.55097608005905e+29,0.929938263427105
5.38789206784473e+29,0.874937706074864
6.68051498344531e+29,0.966849688167342
5.89919472375985e+29,0.860903227212414
5.66575512614353e+29,0.870994239997591
6.79182725394578e+29,0.860087829453915
5.86367395390749e+29,1.02642550419085
6.04531429743554e+29,1.0038105136811
5.4487765308886e+29,0.870502637921793
6.40216904590561e+29,0.880373730983142
6.22385057003699e+29,0.876603789428263
5.88248473278725e+29,0.901315961823096
5.9085020887355e+29,0.995598834660065
6.33350329243546e+29,0.901910113024699
6.5402173815753e+29,0.83975460663692
6.69089369531678e+29,0.966072770752522
5.71135703667907e+29,0.832764358333998
5.45409856148176e+29,0.757902098767316
6.09446257418814e+29,1.00538415481279
5.84419847239585e+29,0.9651504785922
6.20354130948149e+29,0.92923205630343
6.48055125604276e+29,0.768474724975113
5.92748181276453e+29,0.934732243034778
5.51188486852561e+29,0.925210284474309
5.18860715240241e+29,0.849056136694931
7.42161573338898e+29,0.970491457446358
6.03506100206589e+29,0.827132740104432
5.68682896943456e+29,0.932541219841615
6.41393338657473e+29,0.853418522842024
4.92036267844087e+29,0.812311657346227
4.95122334647004e+29,0.988979453948661
5.31838271033597e+29,0.886477990373515
5.44648730026455e+29,0.777625066267765
6.40760563650343e+29,1.00079239992684
6.26872228046118e+29,0.841219338758483
6.92357285488099e+29,0.88844191536888
5.42832253295648e+29,0.834853486374615
5.0703541989672e+29,0.912521532563056
5.44377054030175e+29,0.970734060222271
4.91489150666383e+29,0.923801129900852
5.16847058709553e+29,0.861083224439187
5.92873454565324e+29,0.907288454684173
6.57644479024387e+29,0.873581449353328
6.34709301174997e+29,0.83963657612577
5.56439876798194e+29,0.824356004825613
6.7118578748746e+29,0.927832777743113
6.93496790016987e+29,0.910883235538062
6.98379053318244e+29,0.909351007299643
4.61120027436637e+29,0.894105394417542
6.61246862782164e+29,0.945425268720966
6.03959914821905e+29,1.0420158508736
6.51477187232998e+29,1.01233022427579
4.82921206999875e+29,0.939621275905876
5.9778829922031e+29,0.824963610159225
5.10436152776352e+29,0.913629474633305
5.52197515213214e+29,0.779360924653647
8.18214213712574e+29,0.878693997702622
6.02903076916991e+29,0.918387770821913
7.40777737842204e+29,0.930298177821224
5.40598363559308e+29,0.902897224420726
4.76058446142354e+29,0.791533060121397
7.6842888931829e+29,0.930188042355669
5.44310926591578e+29,0.904048670481442
5.49395994451288e+29,0.861714457920165
5.24473369196704e+29,0.996935073103552
5.25752317408154e+29,0.832828958274585
6.99584458441743e+29,0.846513324262816
6.40831909138869e+29,0.975874874976316
5.69862020582339e+29,0.90381939299813
5.13496406180589e+29,0.960563604905891
5.22318251626303e+29,0.872937553823142
7.2959602774349e+29,0.946958446292317
6.28674436394597e+29,0.960006858140426
6.46647647879835e+29,0.958687275641086
5.89836727692037e+29,0.796505991885881
5.97490913023276e+29,0.835549771816667
8.11447420118374e+29,0.982353323344306
6.70587662559708e+29,0.874127272893068
5.87932624330626e+29,0.868547956348886
4.90635038068213e+29,0.871189101754161
6.2706001389594e+29,0.790972854463745
5.63495468252139e+29,1.01152936506852
5.86475569869657e+29,0.838307385310091
5.91547943382734e+29,0.961414421433821
6.63954298007168e+29,0.911791381553124
5.95149086181272e+29,0.872268532369937
5.57119126053591e+29,0.951851803363415
5.97242046362388e+29,0.841268132858826
5.22999933120824e+29,0.783299453721429
6.04620561288188e+29,0.850419610430282
5.48136618852997e+29,0.985068680465786
6.92617131136077e+29,0.916672993894469
6.55116119314674e+29,0.870554195807413
4.96176269008581e+29,1.0341451480027
5.74784805207014e+29,0.919161158969041
6.86911270974682e+29,0.782115564109589
6.17663183319631e+29,0.903291463391642
7.14978560836169e+29,0.849469921842304
6.28748375835293e+29,1.03296495635001
5.22399527443011e+29,0.85669864275844
5.19837467048725e+29,0.826799328287084
5.46379798950371e+29,0.890071108583169
5.7228186081805e+29,0.876875790528187
5.25229626556707e+29,0.882462356478911
6.51939949186996e+29,1.06689075418646
6.90552275380877e+29,0.963243822242935
5.19519020171967e+29,0.954585931054677
6.08106614256161e+29,0.80941336535443
6.89645622879539e+29,0.901316401161716
5.83051232678872e+29,0.924014167279358
5.85345637076253e+29,0.74381810630987
6.40543815180389e+29,0.949424135169653
5.24352986736227e+29,0.836219503664334
5.85707775187184e+29,0.913978412158892
6.79630672535073e+29,0.920157042673868
5.88729379311811e+29,0.844169022450737
7.45586958278395e+29,0.822342896776742
6.1541718070532e+29,0.80273792935653
6.29253033276949e+29,1.01100366688202
7.3960888040156e+29,0.932465088818412
5.48342134879177e+29,0.988835622551669
6.26277247173143e+29,0.924380944294236
5.1178849182571e+29,0.890844612182326
5.40675376491525e+29,0.931306045258017
6.57876857795923e+29,0.955262110850632
5.53811173526872e+29,0.931258283114768
5.37159385215792e+29,0.922054002492849
5.96296316573528e+29,0.969157481154311
6.05876572186439e+29,0.838665750452141
5.92226924519331e+29,0.925605630699028
7.05635865140376e+29,0.829104375496363
6.06492189142217e+29,0.816363277613297
4.89617183585148e+29,0.927508284789561
7.67409652307314e+29,0.995445349526349
6.7810921779414e+29,0.918571478592987
5.67737885826458e+29,0.966263540264362
5.31141138600606e+29,0.891210371088672
