"bootstrap","lambda_min","coef_Intercept","coef_Depth","coef_temperature"
1,0.00155257309455561,7.41227331744984,-0.768054747361578,0.010400660653979
2,0.00246128055956285,7.36698211737827,-0.732667688252853,0.00790355855780638
3,0.00458652639051623,7.40530700336728,-0.774191284362256,0.00918927837919502
4,0.00155890900771645,7.37093557039695,-0.730496373379894,0.0076090108937511
5,0.00162556026312799,7.46524655075866,-0.794544276262564,0.00951637755385119
6,0.00157472209499589,7.3832685061922,-0.736395924407244,0.00739966645749483
7,0.00150986614962682,7.38345876749229,-0.73503975969736,0.0089321927060848
8,0.00234621929803907,7.42647624446214,-0.764832355445481,0.00896313600505644
9,0.0036846889962977,7.40588802983538,-0.751339701878015,0.00767084290440133
10,0.00370137025323601,7.37675548099741,-0.718682218489798,0.00552979939660618
11,0.00152668101860061,7.39842607493393,-0.783192925684137,0.0122111712095447
12,0.00569630687000624,7.38478983736793,-0.746865704093548,0.00892488627964739
13,0.00160102928895482,7.42684461990792,-0.758335621609913,0.00767021868065664
14,0.00161698513812187,7.38747017470405,-0.740440987784158,0.0061770442017852
15,0.00154917819918387,7.41227857142408,-0.729086082840381,0.00842990868340142
16,0.00160886861635269,7.42229915118852,-0.737838114090381,0.00634159565996109
17,0.00229067209564223,7.4290451953859,-0.795923377298432,0.0119758797873565
18,0.0015337863031327,7.38943282299133,-0.769964876341268,0.0118862958048067
19,0.0016461223678808,7.46737854494844,-0.791681346154443,0.00961394402763777
20,0.00160766607785328,7.39929944336233,-0.765124181717357,0.00886524364167766
21,0.00254097346214392,7.38608417157952,-0.768398258753587,0.0103948047666419
22,0.00157933256535033,7.37606433337659,-0.715190252338505,0.00592006952058416
23,0.00162303331996323,7.45457117108876,-0.768341582805861,0.00837409178698667
24,0.00162645007419512,7.44079925933246,-0.758614484288085,0.00726651509202207
25,0.00513649479468021,7.39596322505913,-0.764214329271253,0.0106112197911173
26,0.00154071814268912,7.38656883269592,-0.746058862048211,0.00954862853436376
27,0.00351247909102994,7.4196670682971,-0.73568421506982,0.00519963628952474
28,0.00167092390150675,7.47687344138014,-0.77403789958195,0.00650900446260756
29,0.00243240698827148,7.40027554258419,-0.737855197320707,0.00924686019755991
30,0.00362291497429407,7.39506318308368,-0.754952999707215,0.00846097344798617
31,0.00159976032441499,7.42202487202163,-0.744897053842011,0.00782168196194871
32,0.00251253334745226,7.40637593895006,-0.745342969986562,0.00894192096040534
33,0.00516443225955133,7.40326110555472,-0.757343744545387,0.00990706384668586
34,0.0615921864390252,7.28373683561588,-0.60990787606363,0
35,0.00164981863310007,7.36939252503055,-0.71474348577568,0.00784341129261351
36,0.00202357872808364,7.29883242900836,-0.671626667781491,0.00710938484875408
37,0.0032718495657496,7.39784081084678,-0.721653856485949,0.00736026746595266
38,0.00158369169684822,7.38358663120285,-0.758991749759658,0.0082379064333017
39,0.00155570874278267,7.39855062314824,-0.744073801228412,0.00876193593488796
40,0.00175460672466996,7.39947114334546,-0.761181109203934,0.00920591571728231
41,0.00351909562141076,7.35177847238862,-0.741356904932096,0.00883611652426604
42,0.00171316131461705,7.40753634335295,-0.711753854389795,0.00530533874877149
43,0.00328330121286688,7.36796915282466,-0.729148745644494,0.00738712992343893
44,0.00160613101440422,7.39141418192521,-0.732550678847397,0.00677952487148881
45,0.0028321232512298,7.32280053683662,-0.717203215558604,0.0091256505099344
46,0.00586650267396358,7.29965850021941,-0.693506686248747,0.00826179462587558
47,0.00155954909658143,7.35906598086116,-0.768345323329515,0.0106655376568777
48,0.00158231474591156,7.39918835182289,-0.735870633645733,0.00714622447445305
49,0.00168353199292215,7.45287103752605,-0.829362055112406,0.0110979611526329
50,0.00152876941322781,7.38221337992312,-0.707092621939635,0.00674219111681452
51,0.00181417416342536,7.43934226907946,-0.780278911858001,0.00882495491125241
52,0.0015581952024651,7.42782087695228,-0.780275572297072,0.0109771891839057
53,0.00161040589976118,7.4132725460384,-0.786680908485299,0.00951995978040623
54,0.00143817023671663,7.33079391173259,-0.681105974653357,0.00641365822829187
55,0.00147452715419817,7.3127265774198,-0.769505209292567,0.0126553697527662
56,0.00160601332890791,7.39390544616545,-0.726860019291844,0.00582457343646131
57,0.00153739200560138,7.38131793232744,-0.762042828953036,0.00948201989992212
58,0.0015015254398329,7.32168224829584,-0.735937399629637,0.00943358124718886
59,0.00155448947864439,7.37940194000455,-0.732640094449986,0.0079212966565139
60,0.00172902206164649,7.38923540990626,-0.746706767495632,0.0076100219524892
61,0.00263594705386513,7.46874964895677,-0.76635327940686,0.00701401805182752
62,0.00637584564439223,7.4256940690626,-0.780398981386245,0.0105819776579548
63,0.00223895402350803,7.48198148813091,-0.825451275086628,0.0105686723516853
64,0.00335607145133947,7.39331352238292,-0.763685609716233,0.00950795413540305
65,0.0016878274499609,7.40878451834675,-0.719309758135517,0.0077887690199189
66,0.00152567583667481,7.31759189530582,-0.739276473817387,0.00876816843189387
67,0.0014893021873954,7.35528601060185,-0.762766357076691,0.0117731369297903
68,0.00310223734574621,7.42067489755198,-0.794228273489687,0.0110287369163019
69,0.00222887248482885,7.3820004906447,-0.738037035725472,0.00861133249907338
70,0.00321875273209865,7.39939307475669,-0.768943765703409,0.0106952212907226
71,0.00164393767195305,7.34818945989723,-0.705476924526096,0.00802911869638091
72,0.0016147907291671,7.38779265968713,-0.799059903472902,0.0111627469470634
73,0.00166439495716253,7.47217371814729,-0.788332744630064,0.00999455982968273
74,0.00177550453815996,7.41990610448593,-0.743198385343409,0.00678380511692168
75,0.00158992499167667,7.39486713713559,-0.745500747641836,0.00831098932188979
76,0.00231350247057992,7.42703546901188,-0.770461949869377,0.00923933084268941
77,0.00236583181012286,7.34534908740394,-0.720977289259521,0.0084213217307523
78,0.00150070909867958,7.34868403669519,-0.692580136697714,0.00660904679762463
79,0.00164372643438019,7.46187911223403,-0.815958559497448,0.0108367300005475
80,0.00215504465088446,7.33251299969074,-0.699104656929316,0.00758288310026527
81,0.00163725997745604,7.4378299810145,-0.771704578739842,0.00784379857569431
82,0.00160835208154858,7.43444753280871,-0.756681900492847,0.00862389928721681
83,0.00150072017713382,7.36524817723467,-0.718392192234113,0.00721493028484147
84,0.0086405186313712,7.39774446612917,-0.72134234110605,0.00577400501665655
85,0.00441960955835204,7.52466025368039,-0.810703728486696,0.00768444469253494
86,0.0366061301640071,7.28783346181143,-0.595330382023814,0
87,0.00154969757561859,7.38538359977722,-0.755655103967242,0.00988710700476579
88,0.00145094352825945,7.32079836205013,-0.717559221811036,0.00962756202647229
89,0.00418624566741893,7.30265379732924,-0.71493895339436,0.00813679693678014
90,0.00164125882234617,7.42251814147592,-0.77960280264022,0.0098887181846789
91,0.00251641969072729,7.38274053566066,-0.714210335392264,0.00614341131837165
92,0.00402554700570399,7.41780756131092,-0.76174798245299,0.00874724507411491
93,0.00150513914614813,7.37790967247728,-0.709508192181761,0.00690197694624716
94,0.00148105587091602,7.3847524567598,-0.76130317835209,0.0111133962697746
95,0.00150631040058999,7.37608915935207,-0.778053762426993,0.0127763389526706
96,0.00178533066237862,7.43575701859682,-0.754982597576016,0.00699639695675985
97,0.00229672119490749,7.39466858220777,-0.766056293571079,0.00934335434413359
98,0.0037012518539362,7.42597697892321,-0.766307843744407,0.00893959294312843
99,0.00150777438749741,7.31975330064116,-0.70923075897303,0.00722471078417663
100,0.00243942942957099,7.37115954074079,-0.736041218284691,0.00875879358194308
101,0.00243966483565783,7.46001730615569,-0.795178371085545,0.00873387301769231
102,0.00166267213207252,7.42725125094193,-0.765290050659323,0.0074148111971028
103,0.00151755069939994,7.35758256925289,-0.749606697464782,0.0107637045344907
104,0.00156356023475884,7.39962567291419,-0.746034965394267,0.00804915139140797
105,0.00159341897495683,7.43417934815776,-0.763690698449226,0.00919777027125693
106,0.00338642370875718,7.41003058673411,-0.793265483646638,0.0107481759942757
107,0.00149235557881446,7.3566290593332,-0.729609016766299,0.00912428275091905
108,0.0387308207432362,7.34533650490188,-0.631289030092342,0
109,0.00389084927816848,7.37311418572615,-0.723664226629858,0.00697211049081129
110,0.00161967038348238,7.42556640044164,-0.779849328076249,0.00907721833269512
111,0.00146187927778918,7.35086064110638,-0.694712261466305,0.00739052756187814
112,0.00158284641796699,7.41493293439453,-0.752909878679358,0.00763332692849257
113,0.00150091690760982,7.39774218166146,-0.740442500015039,0.00875656290823422
114,0.00162430164424662,7.43572195008329,-0.766368536009188,0.00788489076305582
115,0.00164029845872107,7.41527028764303,-0.775784852037778,0.00874641841669108
116,0.00335977736760186,7.42034539357587,-0.728311102732371,0.00686574692660368
117,0.00151906959755911,7.36364950908287,-0.700781795958966,0.00596765382809947
118,0.00154583019219651,7.38806294225834,-0.749363592428747,0.00942909294362158
119,0.00171056519897784,7.38004288048986,-0.745477709404461,0.00843194403432489
120,0.00410846744770067,7.34904194079498,-0.698146063706242,0.00771649874909042
121,0.00494657813362348,7.4193070240648,-0.760850504826646,0.00808026294967431
122,0.001537584948593,7.34893099193621,-0.717982102745292,0.00721834637694957
123,0.00151435234223794,7.3614646134196,-0.722026236104106,0.00760472373832172
124,0.00431773648203877,7.38600032526913,-0.753922385434319,0.00958931810064132
125,0.00160222482343048,7.42523079072278,-0.770898585744535,0.00935345714740818
126,0.0017136864722517,7.39106178368242,-0.780318635354416,0.0121695306917963
127,0.00290619909032816,7.35057192235036,-0.73139482191824,0.00887795345676378
128,0.00594282168824158,7.45896410665086,-0.762817172463276,0.00885466525776551
129,0.00157628536570371,7.43331023449765,-0.764743791730817,0.00944677954185481
130,0.00143212866401675,7.28674894022684,-0.724540734522107,0.0114209061799605
131,0.00158038376046941,7.43184446479556,-0.761379987196599,0.00951288999362332
132,0.00241455100580292,7.36220116527244,-0.722561611032982,0.00699207845139001
133,0.00154922700951527,7.38402793010464,-0.763878906587141,0.0109710441844927
134,0.00167844274552322,7.37028570609468,-0.754493499163755,0.00980884592105196
135,0.00153615262428023,7.39249329107352,-0.761726943434607,0.0109642933648315
136,0.00149771883121074,7.38311689329646,-0.713208943553529,0.0078613442327361
137,0.00154763398481616,7.38455815830888,-0.728504473384024,0.00656544823550463
138,0.0017845464529675,7.3275599835969,-0.754003671028817,0.0120484031149301
139,0.0015732429177427,7.40792578450938,-0.753722380828023,0.00971361552867081
140,0.0015459481300912,7.37637327280952,-0.748460108486751,0.00973845746925443
141,0.00236628725635674,7.41243064004116,-0.760911901675906,0.00841390328789967
142,0.00159544488356106,7.32958217301606,-0.731001963665499,0.0108785344832034
143,0.00160885127584501,7.39878522637201,-0.754221959611749,0.00646093302947615
144,0.00173680592919826,7.41145195697574,-0.740895585687321,0.00634337406747533
145,0.00161919478157722,7.43267760550983,-0.74754798700747,0.00615149570969509
146,0.00460363290321373,7.43704014372484,-0.796821292334981,0.0103784118702528
147,0.00238527375872944,7.41485289240608,-0.804950044618814,0.0101874202543472
148,0.00164864867576016,7.43927670606341,-0.781371173462067,0.00892393387088348
149,0.00166465414216001,7.48849135626229,-0.792336438546692,0.00867259858522874
150,0.00163141726289818,7.45034325227332,-0.758942503099079,0.00712784943700984
151,0.00155613109108388,7.39937202233548,-0.734577081353067,0.00652388395385912
152,0.0118756541058141,7.34300137186124,-0.725518411813111,0.00804552885044237
153,0.0016834304102984,7.45904317429092,-0.771837125687003,0.00656540466810256
154,0.00162607434248313,7.44355565431851,-0.766401091954898,0.00807751273438927
155,0.00261031861000511,7.4446382888535,-0.783534115073635,0.00955365944067148
156,0.00153406473214238,7.37166964760689,-0.736433090564454,0.00806271246731071
157,0.0015915377847545,7.41922390391913,-0.789162551081181,0.0118539719241852
158,0.00156770309623186,7.39007322809754,-0.735731778188268,0.00737770042370471
159,0.00358091007725713,7.35453020026566,-0.720021172725441,0.00678692332555813
160,0.00155626403626467,7.3812768552027,-0.710351725232717,0.00620294567568764
161,0.00155356275127585,7.38822465825251,-0.748633024653531,0.0076847737685777
162,0.00374270693096625,7.43701521371604,-0.771290838330827,0.00943474564106611
163,0.00152753683392547,7.3705883111542,-0.737300480751884,0.00759968454520005
164,0.00246641040530616,7.3531765414372,-0.738627360821797,0.00835427387030054
165,0.00310048984549423,7.37389464400246,-0.718403648167805,0.00825221789087586
166,0.00155238291933003,7.41861984546746,-0.776904156737015,0.0101903548048801
167,0.0025419944320613,7.40329760662623,-0.747395411262353,0.00758611083669337
168,0.00207229001975351,7.32025193658188,-0.672907720370618,0.00729433481301053
169,0.00342940032655229,7.45688861563479,-0.790425101713297,0.00894596904836369
170,0.0107830595060314,7.38369699574653,-0.756220944252322,0.00691689631543612
171,0.00164111964572354,7.46035144200009,-0.779466868256702,0.00849377962823545
172,0.00176461335304913,7.39256821435556,-0.755293333141538,0.0074511291602147
173,0.00167049606169676,7.39882742246914,-0.730140578392412,0.00849925949120831
174,0.00154503016718982,7.39164682405071,-0.728688821633091,0.00761146068503388
175,0.0015157061669092,7.37095234298164,-0.742370516956023,0.00901954140268312
176,0.00166109211322422,7.46492338120357,-0.774622781916481,0.0077412245863855
177,0.00173577521791698,7.42431463622043,-0.733603787752614,0.00651329163105719
178,0.00182282794022804,7.44114570787881,-0.750661743101596,0.00584939386789285
179,0.00157650787946417,7.41651877225654,-0.760603678041884,0.00978417907194028
180,0.00154050465122444,7.3661615103822,-0.771038601024203,0.0120383102741383
181,0.00159913875182284,7.39602847323913,-0.735349762334076,0.00579718611431887
182,0.00164638041156924,7.38903333741116,-0.734912462142784,0.00895991010621437
183,0.00156161673571294,7.4019639020551,-0.7145147909309,0.00572422360992869
184,0.00176601164401348,7.44534327751361,-0.791560223698674,0.00994450354538859
185,0.00163110202816423,7.31721671186469,-0.74813239883491,0.0112321658732108
186,0.0045881499663673,7.41540077120954,-0.775531298056645,0.00841691223614166
187,0.00237071822902719,7.36254085737304,-0.699551428837571,0.00725348652863288
188,0.00242735971371742,7.33273852748329,-0.695713600946404,0.00577487330816583
189,0.00146931285994765,7.31645350245205,-0.710254140346436,0.00884161423462432
190,0.00157733249677142,7.41065867206727,-0.740319607161838,0.00736143574109526
191,0.00290245660985906,7.37760297133734,-0.721451241658962,0.00748037349167748
192,0.0311123718812426,7.33609121434976,-0.624358901210506,0
193,0.00154072138730577,7.42062749441013,-0.80865470944973,0.0127338757509582
194,0.0014985737756208,7.3234279542315,-0.717820905121572,0.00872713019783296
195,0.00143008964461714,7.33988603363169,-0.700135514092208,0.00768117383944505
196,0.00154505480384664,7.40588990580521,-0.72261855078188,0.0069736981899504
197,0.00160026683922064,7.31131686913335,-0.681237873183176,0.00582960681118307
198,0.00253835949372401,7.39558395356199,-0.760127814915392,0.00853206597866904
199,0.00153750074188137,7.42319498483362,-0.746265341374727,0.00812297732100512
200,0.00173208518873215,7.50754202998949,-0.799632030747901,0.00876610887682098
201,0.0014913656267753,7.34894560622408,-0.721964294192884,0.0095228704680887
202,0.00161433957610261,7.4251241081299,-0.71710605083203,0.00401672063528548
203,0.00156854381879936,7.41315261772435,-0.746298311986696,0.00795388129680712
204,0.00159322061711735,7.36293889339888,-0.750271251337495,0.00757311918767361
205,0.00161264402808381,7.37458413475738,-0.765798035380594,0.00871190841259098
206,0.00158655104825061,7.40801616635148,-0.751566834319649,0.00896257930701427
207,0.00163347599363824,7.42383879024808,-0.756734927320468,0.00688091757426934
208,0.00158546410088806,7.42474752670418,-0.749293006527251,0.00742323384702466
209,0.00165709852610235,7.35234369383322,-0.702715942888341,0.00657768266134536
210,0.0015329100955886,7.35134503791653,-0.778016768481649,0.0121811730865437
211,0.0015810316412691,7.42340692766265,-0.774999547976546,0.00937762248302811
212,0.00352733509408988,7.33746377246265,-0.742687178257945,0.0106043681507095
213,0.00158258886081916,7.39612665172444,-0.725701979273436,0.00616137075197819
214,0.00152839239302947,7.42978263371713,-0.756845416682827,0.00998595061343653
215,0.0031811799931758,7.3269083240369,-0.718183405031208,0.00860375337747915
216,0.00161771843011686,7.43485375541054,-0.742706238015097,0.00653508810129874
217,0.00148898777069231,7.34046859519501,-0.730203008805068,0.00973603509426217
218,0.00156766006973001,7.3836004524054,-0.789651462637186,0.0135479658048654
219,0.00247799658707835,7.38834546593899,-0.727582811686418,0.00672495988149496
220,0.00152803758743228,7.40099043996786,-0.703206851567624,0.00665721529528862
221,0.00154895778838162,7.41019046014804,-0.758087641361569,0.0103511595724082
222,0.00151136784897263,7.34829035517301,-0.711169095320501,0.0065577180502232
223,0.0468538616916115,7.2470264792625,-0.575895170839934,0
224,0.00149671687943153,7.31691235542965,-0.732568483382722,0.0101362344533258
225,0.00164953137042935,7.40886907706403,-0.794853481578019,0.00926665640168385
226,0.00153945356656484,7.40548770448408,-0.755730701683238,0.00880412849119963
227,0.00158782214382737,7.43692410055391,-0.759807303458832,0.00841191410841447
228,0.00157369586329498,7.410786649874,-0.780581700136755,0.0115999969123816
229,0.00165335790407959,7.38051821987452,-0.719935607255284,0.00706531659354607
230,0.00148621930272475,7.35818881926937,-0.720967333446315,0.00849571653581681
231,0.00150265255518884,7.35526105984495,-0.726106071248153,0.00840368631037755
232,0.00149694576051952,7.3571868265735,-0.714173094323779,0.00724761921597742
233,0.00153905671624929,7.41181029786322,-0.725969445021652,0.00718006054224299
234,0.00184757631440339,7.45299708973151,-0.77028592636425,0.00589224325781296
235,0.0015026193519271,7.35129309642065,-0.683016433564954,0.00509648079334081
236,0.00508565372378241,7.3682379436063,-0.726862730252992,0.00864350145759919
237,0.00160739537649655,7.41211604746117,-0.766167579488161,0.00872796016346575
238,0.0369011592027371,7.31355865348186,-0.598411413429801,0
239,0.00176519852348344,7.43728123656837,-0.731725892144679,0.00590448586284417
240,0.00271460362198133,7.40217408741687,-0.743715997802641,0.00889816747313545
241,0.0049827594788005,7.33850360200339,-0.695681922933652,0.00645600555553795
242,0.00155031004799615,7.41013838232452,-0.751065332232534,0.00874873815398012
243,0.0016569485115441,7.4776925856124,-0.848275332198749,0.0153748872686303
244,0.00256768816858296,7.38811402798538,-0.748572082137464,0.00696267925335125
245,0.00165757099072356,7.4348522162611,-0.771891130234277,0.00748761179375323
246,0.00159401649431835,7.39063917937666,-0.751031629452724,0.00809348039162446
247,0.00258586890791567,7.41678804475138,-0.746800688913057,0.00710217027490726
248,0.00849323539760514,7.34491049891824,-0.721871833424115,0.00967804933616634
249,0.00410808863220287,7.42845807110001,-0.756638071715697,0.0071454130707953
250,0.00230237909898472,7.4102919449686,-0.753948569256887,0.00810567144824974
251,0.0015185135312441,7.36279511496797,-0.741518611812605,0.0100124120984072
252,0.00145146431660517,7.34244002576747,-0.758968121526735,0.0129068177843687
253,0.00156884560935108,7.3952036579617,-0.765528179999379,0.00968713155795349
254,0.00356903579532721,7.37523772334273,-0.729811738554484,0.00769200623843958
255,0.00165799145587098,7.45145261258497,-0.731593968842309,0.00473112505369996
256,0.00164606508595959,7.45765302975526,-0.756443493216304,0.00728662524904411
257,0.00328837483824819,7.43784665689654,-0.776246858348955,0.0105749308507669
258,0.00459487365268559,7.34416945958783,-0.711355434086287,0.00665630252402589
259,0.00156571362556866,7.4225060083781,-0.759755205351827,0.0079497234957309
260,0.0015003170379949,7.36977984052112,-0.720161311664454,0.00806997618867875
261,0.00396370727756881,7.33774905907024,-0.749956516933492,0.00845749511764627
262,0.00170553937908117,7.38103570459064,-0.709205682196289,0.00539309278142568
263,0.00238441679649032,7.47161523088436,-0.788012491611871,0.00974870830349154
264,0.00155884198779349,7.36956893789989,-0.736547629706339,0.00827137399291675
265,0.00165704520947612,7.38593321588657,-0.731508087037636,0.00729653181304322
266,0.0015490041653909,7.36934445837129,-0.725776668590753,0.00677516930663132
267,0.00453076349288414,7.37417277258756,-0.737335959265381,0.00600099528971702
268,0.00153885315444308,7.38826693009247,-0.738659505560517,0.00875632639170132
269,0.00162730861895796,7.46313109814732,-0.785757014787149,0.00986107909708021
270,0.00156302137540348,7.39364566875888,-0.723118306335372,0.00654107989904569
271,0.00154844932231677,7.35609125299501,-0.745972558056299,0.00931274696563332
272,0.0044134096735553,7.40733436960271,-0.74833488482899,0.0086725172065695
273,0.00164300924041722,7.44071229299079,-0.77343922965062,0.00822346739476846
274,0.00152410838500326,7.38769200829091,-0.74111108909859,0.00872428284924538
275,0.00197820345754696,7.34872469244688,-0.733078649327893,0.00903610497152863
276,0.00157853116224479,7.40036375192004,-0.756079638267187,0.00743643990522024
277,0.0015797096745631,7.4283687091561,-0.754154149275228,0.0089727988961857
278,0.00478323325560495,7.3628003556322,-0.736222105680583,0.00784595931237869
279,0.00160236469463485,7.39504964434628,-0.750067761828961,0.00792499966339146
280,0.00260412533245391,7.32173624103019,-0.682368066355837,0.00554462493977841
281,0.00545490803730056,7.43275054375337,-0.754039434182353,0.00783073705441975
282,0.00156826753139698,7.42947950834516,-0.723761770332657,0.00583718292112536
283,0.00151875387507561,7.36607283617137,-0.72469606921984,0.00909546964368182
284,0.00163029338768393,7.38552052141703,-0.751455326554225,0.00733001342776757
285,0.00159514237086966,7.40566720821876,-0.756105728013466,0.00884229047416755
286,0.0114553285069623,7.37771441360559,-0.753569823568769,0.00895932268488589
287,0.00158562237366909,7.37399985877748,-0.740001211778431,0.00712894932770348
288,0.00156308463396607,7.37776530552128,-0.761285758786332,0.00986841633635377
289,0.00157304602986458,7.38161906364935,-0.768699443325929,0.010283563703487
290,0.00152215730882055,7.38184736951454,-0.735549873147328,0.00878963158620994
291,0.00152771759342793,7.33441138036672,-0.744358765578571,0.00940362122696352
292,0.00152279033074245,7.35055121953729,-0.703423055149459,0.00534385784420436
293,0.00159218450809592,7.42414255990327,-0.757571687730129,0.00777374224421513
294,0.00161420788336587,7.40338661906068,-0.735744520727899,0.00536725641597564
295,0.00156484322471832,7.42148085313414,-0.776357618349364,0.0106697046930121
296,0.00156464245002381,7.37467597579401,-0.701795678645963,0.00377516014922419
297,0.0015467997989955,7.41610991793073,-0.734164023610012,0.00730270976264212
298,0.00432616831716575,7.3728949612694,-0.717531004575733,0.0068549294726064
299,0.00161285721453661,7.41298676834732,-0.716222407850446,0.00436733693799668
300,0.00159661527514938,7.39057837153009,-0.759246647280425,0.00801220893350495
301,0.00340893194871469,7.42601018495624,-0.752719152402838,0.00763988070286655
302,0.00155855708476818,7.40552741267947,-0.762202271756582,0.0106882758213671
303,0.00325053941060637,7.37860981847255,-0.742724560790742,0.00863801023495457
304,0.0538316735239678,7.27298208997956,-0.599250460666628,0
305,0.00162503415496537,7.42697476603379,-0.783320628330422,0.00889571016637182
306,0.00177127347924863,7.42751374845015,-0.79478835577762,0.00994514259722286
307,0.00155796295152881,7.41140342430246,-0.755611486103552,0.00930264753204558
308,0.00218155913290213,7.35566976975245,-0.733236519358002,0.0089858196616174
309,0.00160003532942084,7.42800619558967,-0.756680214795111,0.00764341870862905
310,0.00160031197754347,7.40406908472361,-0.762659924480085,0.00892872053064998
311,0.00163843306459622,7.4233543821638,-0.754214295340791,0.00619365139924766
312,0.00156854019222417,7.38642457913427,-0.719298485577584,0.006308596538873
313,0.00146744219134932,7.36052353590861,-0.681962097616554,0.00578713320426658
314,0.00174290517437986,7.42729976975587,-0.803608592796968,0.0113550161722636
315,0.0024682197234005,7.35076875021462,-0.731650834698197,0.00713151901501574
316,0.0015603596580203,7.40503575370911,-0.729276276294867,0.00635186132852427
317,0.00168810193617083,7.37098715005346,-0.711068459941831,0.00588263544193937
318,0.00269596699604792,7.35462879460572,-0.716736913307961,0.00645735119095556
319,0.00159544643129039,7.43799213734631,-0.7764191777827,0.00997631065008579
320,0.00162697809205555,7.39843821326819,-0.754626702400324,0.00774680671370498
321,0.00149102465886546,7.34637084429812,-0.694803748470341,0.00589221390098247
322,0.00213178463677349,7.44063092963079,-0.766072860243974,0.00852514379355397
323,0.0470772183078638,7.25427756782849,-0.576656539945582,0
324,0.0015749436622845,7.3799925521471,-0.757884272503851,0.00950609772993504
325,0.00177793685088004,7.42443496147517,-0.779202914063857,0.010338967420015
326,0.00159171660725674,7.38705217365262,-0.774847364470751,0.0103283107330552
327,0.00533733441587309,7.39574912206925,-0.708798475967047,0.00520287516307319
328,0.00496777832478423,7.41958000703009,-0.771670828869585,0.00971215258967047
329,0.00161030062850759,7.40926631662411,-0.766663138892089,0.00814433423331075
330,0.00153962596422721,7.38126553625349,-0.726049565005102,0.00814382039345946
331,0.00143812420064627,7.33401254136326,-0.71661105807661,0.00995168153521774
332,0.00216300582241397,7.44712350137815,-0.765183601333104,0.00778711860464485
333,0.00153289742093011,7.3482412879262,-0.730040023338149,0.00822593916091891
334,0.00649799141013048,7.41504816735734,-0.751270888008299,0.0076815363114498
335,0.0015852761046616,7.41638338335464,-0.767654918368734,0.00969366023541684
336,0.00162483408543728,7.41007409334871,-0.801134679377271,0.0117760353908537
337,0.00150597682006044,7.3657202323855,-0.738654949671551,0.0100701381608623
338,0.00339254066779553,7.42937015003422,-0.781044925097013,0.0102189730472676
339,0.00209252889767138,7.39618141835976,-0.734290856983934,0.00717456347216772
340,0.00502102727928142,7.36894432683054,-0.72992166454952,0.010653991830054
341,0.00296192272648509,7.37513127634586,-0.789780821605645,0.0139435675556294
342,0.00230520069513347,7.42367285930445,-0.736872260149932,0.00626886774316184
343,0.00488102132666415,7.28279542914274,-0.679042122599985,0.00602082702355723
344,0.00224926733487227,7.3731911131353,-0.745620576971813,0.00875641345974276
345,0.00158700178865399,7.39879888048461,-0.73968793184344,0.00678394197233244
346,0.00158503008782377,7.41307497660359,-0.758367751647689,0.00864642036575941
347,0.00584298569408922,7.3872676301305,-0.729050579186322,0.00681942176102321
348,0.00267669379974262,7.35094831574987,-0.702471769709457,0.00610164528563256
349,0.00163003298839847,7.44036303625512,-0.764607407577041,0.00841613200288244
350,0.00401851721003329,7.41413241593192,-0.737736360615536,0.00681231970414456
351,0.00147485686739039,7.3098855282717,-0.715267216094445,0.00821099272728559
352,0.00162077036315482,7.40608931669114,-0.771402671273064,0.0101423507351372
353,0.00161223266832875,7.42455475275505,-0.72635423612745,0.00453236199928564
354,0.00148487374179381,7.38560309628919,-0.762007269172356,0.0109475048603276
355,0.00155381410077774,7.37681978170291,-0.715003183211305,0.00616246870981948
356,0.00150294141663274,7.34740543088901,-0.715149535820462,0.00769415205645241
357,0.00414674502812807,7.41441026501619,-0.758816391433751,0.00677161065923196
358,0.00158941374450159,7.45365485639901,-0.74242514397239,0.00705700522988794
359,0.00152838413598031,7.40347027825616,-0.75761756468355,0.0102412137128313
360,0.00537156059722954,7.32849890661152,-0.70844517929325,0.00812176871789884
361,0.00150765519057407,7.38649233906753,-0.746951973503821,0.0102484466252018
362,0.00160465106082475,7.45597995476898,-0.789489058705901,0.0112433483945986
363,0.00392479200596974,7.38531004380768,-0.749695254104186,0.00878953673610187
364,0.00146343398385381,7.35052902742763,-0.736270013449852,0.0108182676306947
365,0.00251950529551184,7.36611405502954,-0.750039483952023,0.00889927672309549
366,0.00149480260886051,7.32124008243458,-0.71433416064404,0.00767323913911473
367,0.00159609246055046,7.40340505761727,-0.715351834447239,0.00520384138790425
368,0.00170523760612343,7.38936536738039,-0.736530649692926,0.00836397930884442
369,0.00154252301928144,7.38992880859562,-0.744783631270468,0.00942682251001688
370,0.00165475761206528,7.48371854789256,-0.781437238868228,0.00782954018701462
371,0.0016225048249654,7.41026764456817,-0.769734431044306,0.00876147401323194
372,0.0114422931791685,7.42220101204774,-0.752546176706568,0.00811634702580705
373,0.00159601538169617,7.37823693678041,-0.751726313555449,0.00735133343125407
374,0.0542986025483041,7.23667094489903,-0.592002737475381,0
375,0.00153463104579555,7.41288270932003,-0.719508271778385,0.00731119559277002
376,0.001513050988689,7.37329146497971,-0.734075029480298,0.00816838679886095
377,0.0026058125495062,7.27657095167866,-0.689631634790991,0.00549862738617257
378,0.00324367661837984,7.49602148259453,-0.773880732980231,0.00708851725325978
379,0.00150076607008052,7.3688104330074,-0.730518688672124,0.00934740418885874
380,0.00159343506176218,7.38477607589235,-0.720210842231595,0.00586709028908238
381,0.0015306462231526,7.35870042062631,-0.689261975728037,0.00501041799133843
382,0.0015964296139125,7.41899450574464,-0.737462271029199,0.00706791285097161
383,0.00160209314040345,7.40295506448117,-0.738566395916835,0.00690948195258256
384,0.00155293117722304,7.38172265950542,-0.764376938265418,0.00993719635215979
385,0.00159275381458059,7.42153535854951,-0.767756147566508,0.00901006493053891
386,0.00150392606732419,7.36597331799427,-0.70143704185302,0.00680250198921857
387,0.00161354570333714,7.43315699340715,-0.756577814686283,0.00759354043549691
388,0.00180039121632612,7.44226148828046,-0.752944354978865,0.00684171502589383
389,0.00465599137681684,7.45416625116033,-0.783284998683391,0.00892551139082581
390,0.00389137152090637,7.49798157772433,-0.771156516235813,0.00671373644050677
391,0.00257929605700175,7.37404853143132,-0.719413313775869,0.00404851149419376
392,0.00163663615069015,7.43011654680862,-0.763091123954708,0.00714854772166889
393,0.00160027902804095,7.42880041460618,-0.770420547739372,0.00852752649386089
394,0.00155747212049563,7.38356567160715,-0.741289151912851,0.00848330770365749
395,0.00313167362578652,7.3540277745914,-0.710648320546021,0.00807287627042304
396,0.00336600235101332,7.28440643816912,-0.707880146831278,0.00843245260348294
397,0.00157536594320135,7.39015781379879,-0.745755821950653,0.00925018481610062
398,0.00330982677861295,7.39225951430781,-0.73575433962106,0.00836309136174544
399,0.00162961666248532,7.43256992149348,-0.768054785750584,0.00740934316144776
400,0.00171686874452436,7.49430527867904,-0.794459521832256,0.00818571648517863
401,0.00165240975304211,7.44341766577225,-0.81364449820572,0.0116998375011725
402,0.00390246647572813,7.44685281791076,-0.773838159715596,0.00662241972885756
403,0.00151871994167213,7.35046695665749,-0.760897226151769,0.0115970653447691
404,0.00155442750625005,7.39408475799624,-0.734445778171946,0.0079173287010494
405,0.00309134326387894,7.42518081218222,-0.748287998015854,0.00726553017740916
406,0.00346680967859187,7.41011804566565,-0.742659322638698,0.00554998941462904
407,0.0054594263843516,7.45346726443629,-0.770349776112696,0.00819444186383391
408,0.00600105004369493,7.42337331435963,-0.775923911828489,0.0085396161064183
409,0.00161852195985455,7.42442356493294,-0.742242991966981,0.00655244581905531
410,0.00149964767633834,7.38335639072168,-0.74551880376708,0.0109048200076004
411,0.0015965975639048,7.39775578659864,-0.745888191907066,0.00754514989467792
412,0.0015774388083258,7.37664072074501,-0.752779173506142,0.00833778446875792
413,0.00146573158110315,7.3540993594234,-0.732899441411827,0.0107362339797032
414,0.00157664062149194,7.4436997344835,-0.72504436804642,0.00649589765915133
415,0.00293265900575241,7.36673117552558,-0.739946756623716,0.00808146934500704
416,0.00380488456974873,7.42625550898515,-0.778437366314537,0.00892422909545068
417,0.00163738571002454,7.41022323161731,-0.760292504649216,0.00842050202593516
418,0.00151578494256986,7.31527636888836,-0.71449349446735,0.00774149579933201
419,0.00467422396279568,7.40209875845374,-0.75800605966941,0.0102155861639208
420,0.00149284148271686,7.34256162233674,-0.715746999504277,0.00839468646424338
421,0.00308283357692647,7.41777341932756,-0.765596020147595,0.00875439072337537
422,0.00165496418340089,7.45208490523233,-0.807431588049092,0.0100687732022777
423,0.00395283765057746,7.43351065927799,-0.737237923229209,0.00769535804854928
424,0.00152081590700114,7.34009152099256,-0.758713164562456,0.0120958604645696
425,0.00160181904027433,7.45214183951755,-0.754081362928766,0.00874150520063371
426,0.00176916881443586,7.44144504329946,-0.783031182257747,0.00871028136518218
427,0.0048926519377298,7.38861838488075,-0.760777619935401,0.0093569789391708
428,0.00491214220112888,7.40635966547704,-0.764811542852247,0.00925527566996722
429,0.00153693279416365,7.34962324706246,-0.763816174048136,0.0102176379729489
430,0.00160371017796729,7.41097079833175,-0.748310785471605,0.00740659888337175
431,0.00165715237389425,7.46197793338402,-0.789126838053347,0.00910941390718167
432,0.00160713602456354,7.39610287653511,-0.743551368127418,0.00664373865234966
433,0.00141494753096877,7.32241906246626,-0.724356708894424,0.011343846645126
434,0.0217416548100209,7.32372556020685,-0.654106203972169,0
435,0.00151158674825154,7.35333948999965,-0.740003893221554,0.00956861339223835
436,0.00412612756170449,7.44381384357923,-0.773949206586077,0.00851597811632096
437,0.00161712231889632,7.4429869859842,-0.79223526446877,0.0107542786674866
438,0.0486512088151586,7.28669962837508,-0.598710049212521,0
439,0.00151544402424708,7.33619348597992,-0.727494654303931,0.00865119852347667
440,0.00247623143227681,7.37560960201994,-0.746836062160593,0.00896754504502273
441,0.00159421433365268,7.39666717955481,-0.76277999675273,0.00915758947264074
442,0.0016029654221572,7.43429214237008,-0.788145869159697,0.00965689709910978
443,0.001572690227398,7.4152696423636,-0.755467581810067,0.00829522905858127
444,0.00160813583867831,7.37967994837958,-0.771895822257085,0.0100417733875313
445,0.00149029245681309,7.32679551482261,-0.726131265887367,0.00988661842273902
446,0.00161525432328292,7.44484039018837,-0.750496608222465,0.0067065110032025
447,0.00151823375969117,7.38203313484665,-0.726501511385109,0.00818003875627079
448,0.00164009097843025,7.45852667341792,-0.798964424062815,0.010039271145202
449,0.00147966608098555,7.30548851899639,-0.737590155740825,0.0112916817964756
450,0.00158161315699218,7.40651468488316,-0.77396478564275,0.0101732633442936
451,0.00160606136915632,7.45212109638017,-0.775368508812814,0.0091952398918778
452,0.00417854468166359,7.44728161171336,-0.767010038012583,0.00738917886468616
453,0.00251590253812628,7.42599265982735,-0.725427844980687,0.00628526474771916
454,0.00162536880755001,7.43806093083274,-0.773311082364816,0.00837893077168346
455,0.00286875301701141,7.32149713282774,-0.716578628936706,0.00835615783362407
456,0.00228330309781413,7.411351886342,-0.73618506722123,0.007328725337025
457,0.00159372340820236,7.42334570665716,-0.732592102973832,0.00726679834478558
458,0.00370075537036869,7.40011573474591,-0.798321194486856,0.0120236989653854
459,0.00159821682981853,7.41717998803741,-0.751809578983216,0.00668179586504821
460,0.00284738357884155,7.40002468976417,-0.756048943834084,0.00725974377752033
461,0.0016520038187313,7.4869286819985,-0.800118094918201,0.0100839885541183
462,0.00257015492733361,7.31606540675138,-0.7042477211195,0.00735917128662476
463,0.0395818961380103,7.25193684336979,-0.590501540622735,0
464,0.00154470793643669,7.38622992801665,-0.713079915794883,0.0057984920230889
465,0.00150647833360074,7.3880475883526,-0.740420837515348,0.00965822497206609
466,0.00453161697432175,7.40921625383714,-0.788022240878813,0.00919083497935754
467,0.0015263100811612,7.38320771919107,-0.76427294322726,0.011804759583689
468,0.00250860557295999,7.41367506747594,-0.784349844608769,0.011453816179005
469,0.00177101534835753,7.36713422987969,-0.72678145712223,0.00527897854699213
470,0.0578731619309478,7.24392002753665,-0.575409131092721,0
471,0.00156693651310732,7.36977800816777,-0.720811270971967,0.00645743900833484
472,0.00165252412160848,7.46674778634772,-0.77354424296721,0.00710930001999791
473,0.00164608721685172,7.35775618024515,-0.728863488041548,0.00859255571332457
474,0.00157869794781594,7.37060082776217,-0.753318120635693,0.00877784987891907
475,0.00425260867938282,7.37002212426812,-0.733740793453408,0.00887383069347114
476,0.00377519437564917,7.44253272002784,-0.777828870740587,0.00906319098100314
477,0.00181933051932155,7.42967945093949,-0.77787316648312,0.00831992623146754
478,0.00163015627544399,7.42517664403783,-0.767226909158499,0.00876126002721605
479,0.00254398955722395,7.33666966599501,-0.738781914532452,0.006493309293244
480,0.00162872893940707,7.43319122047864,-0.747035064829613,0.00659626257029592
481,0.001582922294341,7.40032565775062,-0.706069906547346,0.00474728404773063
482,0.00162206502215351,7.40629215023582,-0.769098918805962,0.00949728755239853
483,0.00154251106763399,7.40396490091163,-0.718093659076135,0.0079831519992324
484,0.00316799696256037,7.37374401912969,-0.713900942650623,0.00832435370611926
485,0.00379322120952355,7.34464181256873,-0.713065751966483,0.00750381647743873
486,0.00162894908223426,7.43036642075985,-0.735181638681183,0.00531398261311201
487,0.00391598459031812,7.35832806916095,-0.726001763860007,0.00809610799023335
488,0.00141564919572924,7.32451198995573,-0.725259970505634,0.010986754391456
489,0.00157140655891167,7.38087147807428,-0.754175391409489,0.00934169475120645
490,0.00157241375706683,7.42919983300498,-0.758529739504445,0.00850747572155815
491,0.00159404275426098,7.37864224848372,-0.738372582316913,0.00652347852066702
492,0.00168197684805802,7.34292580238419,-0.752370520594007,0.0108769670638246
493,0.00153962673555056,7.35995126827843,-0.739976031938091,0.00836445366879912
494,0.0017678901032642,7.40285747011101,-0.748746280808148,0.00685124130010793
495,0.00166565009448068,7.44529999034779,-0.801321593197588,0.0101481767658131
496,0.00229923738243647,7.39663146652115,-0.72283959634549,0.00614558951177451
497,0.00157850180254826,7.43141531490292,-0.741741651399942,0.00900859389879094
498,0.002077740742059,7.38748823626598,-0.726900598462391,0.00725068073834522
499,0.00156553932601646,7.37374651693719,-0.757425371905715,0.00927515399944955
500,0.00144819039574752,7.30728170658247,-0.697909538465294,0.00727075439318027
501,0.00526585592814619,7.40449643545299,-0.730382572209186,0.00682372144513011
502,0.00227135992973858,7.30887116291443,-0.702692546641945,0.00839955132599614
503,0.00162014674268767,7.43192364793971,-0.790110260128889,0.0110963425066727
504,0.00156769436388835,7.40604953820474,-0.76862214207327,0.00977921339043993
505,0.00153769207001284,7.41475595551169,-0.759273389715394,0.00903699187269452
506,0.00142890259861211,7.31446425225665,-0.674608435836769,0.00615304306977412
507,0.00165909122816288,7.4898436927325,-0.844093695798911,0.0131143228984857
508,0.00164612418362183,7.46039021103128,-0.778404862667315,0.00929402746953425
509,0.00154300822076276,7.39407861275092,-0.712386959626094,0.00609727130954801
510,0.0015961408100756,7.40487538771291,-0.760251800625539,0.00728439166341241
511,0.00533638362275929,7.30155965854646,-0.688095447253582,0.00782970426581864
512,0.00152736709761489,7.38492973842798,-0.734648082520775,0.00782840956962279
513,0.00170707007472888,7.45318540500537,-0.78667193869661,0.00781687047874273
514,0.0019195812537383,7.38210041769127,-0.725703486228495,0.00601722124359088
515,0.00148213314979348,7.32875994969851,-0.720484045925869,0.00807809933560463
516,0.00149394392447151,7.36151776692596,-0.709949301292601,0.00725633011194973
517,0.00160105081349753,7.41751266732747,-0.72886753497078,0.00632556262611781
518,0.001639977524152,7.48677262476905,-0.785707429590403,0.00922163678009754
519,0.00365375756164054,7.35562266383474,-0.748648244891617,0.00950703554688058
520,0.00148911754262485,7.34347544621807,-0.727069880096972,0.00948050904865915
521,0.00159737128118334,7.42254191074435,-0.768540303439062,0.00951629289593002
522,0.00169070648636176,7.49469041395236,-0.800762566149369,0.00909186429640679
523,0.00172284608818613,7.51541454064634,-0.792000870255963,0.00708187093548227
524,0.00163553511131061,7.4308884855723,-0.742286022841844,0.00549851687116947
525,0.00439309579901337,7.38654948754714,-0.777874705389791,0.0107579024389818
526,0.00553071346159483,7.44180119294763,-0.771385972022064,0.00856906159135214
527,0.00164113364715308,7.46288436217525,-0.741654174901619,0.00567174899749858
528,0.00163612716722468,7.43849390570977,-0.791024983450901,0.00914167716266368
529,0.00459567832439381,7.44075289067607,-0.756045826704165,0.00738053888887927
530,0.00155145189763593,7.38712502118392,-0.72592989847169,0.00693766732571872
531,0.00170361435368757,7.35801285458982,-0.704086048445901,0.00544340666432239
532,0.00158366982735231,7.40963472434233,-0.76493749261936,0.00963709465147633
533,0.00153692903665758,7.35349689388617,-0.70026425929831,0.0058851552352976
534,0.00710757841609265,7.29720016950842,-0.716842017113718,0.00988790606380159
535,0.00152530442063101,7.36605696066132,-0.760908892531707,0.0108111224937909
536,0.00153369437980821,7.33740864801999,-0.721314012664982,0.00807857370036898
537,0.00151515519752545,7.35940822834008,-0.689449264585202,0.00438369928191282
538,0.00150760292059657,7.32171325461464,-0.735847047894956,0.0108224143695192
539,0.00164571224348358,7.4462866959016,-0.769587270503466,0.00762143528706672
540,0.00368983217578573,7.31261639083977,-0.713740876505607,0.0104759443172498
541,0.00143608370167443,7.32028576083132,-0.715207543757887,0.0091645483965454
542,0.00371284642975329,7.31381192690232,-0.720055623291535,0.00946814964100961
543,0.00159447924798917,7.40220462976554,-0.772381245126529,0.00994159789858546
544,0.00249871117947923,7.35374590064963,-0.772761493537644,0.0102974433322851
545,0.0016351423108156,7.44604865635808,-0.773134632039192,0.00872545011611465
546,0.00257953936834807,7.34810469066136,-0.711253716587253,0.00884797523834984
547,0.0297739026510347,7.36924128956642,-0.675381373166123,0
548,0.00205218133361486,7.39995740258254,-0.730604148692453,0.00807013692064342
549,0.00160761644104129,7.43523475221234,-0.791453618589767,0.0100461219771202
550,0.00632569854930526,7.42219820092032,-0.773465394526998,0.0102887320536466
551,0.0016201793630465,7.35703238069324,-0.690982444533552,0.007214556603467
552,0.00155778442730171,7.40846818332164,-0.76533728032901,0.0103684164842555
553,0.0433623047290733,7.23742460557012,-0.584004384609949,0
554,0.00143694970909502,7.26721807448182,-0.709796558350208,0.0103530769089943
555,0.00160427856829581,7.43487250350733,-0.758445470526113,0.00854955833409447
556,0.00141715699086125,7.30936861180097,-0.709995286893821,0.0103245113520401
557,0.00159856466055621,7.4010956498936,-0.735222095319271,0.00704419825038425
558,0.00149643134525984,7.35789521456661,-0.735785172478441,0.0102276256337624
559,0.00178917269344015,7.43580506674739,-0.776492775391795,0.0090823764527408
560,0.00155423194617535,7.37033834905224,-0.736407704663592,0.00786182421945833
561,0.0037294244758914,7.31983519407344,-0.740119586886661,0.0111358238608461
562,0.00161039417818115,7.44005167278824,-0.806416765594522,0.0105531218021959
563,0.00161497467293143,7.43400856061152,-0.728720395438613,0.00468826233269251
564,0.00164995212858022,7.35029026064842,-0.708662823744819,0.00770285108853445
565,0.0756197099582159,7.27778254296549,-0.605423679336224,0
566,0.00152117686018748,7.35824333510017,-0.742669269257731,0.00903648260105767
567,0.00331333740443616,7.44345208996373,-0.769016588977513,0.00961021325695666
568,0.00157911742425531,7.42520267967074,-0.787385804030846,0.0118286215428652
569,0.00153042058134332,7.37437685388434,-0.735873959812991,0.00831889557255947
570,0.00156248187113484,7.37941094609894,-0.755356444281721,0.00860398724878475
571,0.00164684637703211,7.47714009595346,-0.789642414482079,0.00909264164473012
572,0.00160966970505416,7.32531975562775,-0.734310311341604,0.0119532161520768
573,0.00181185999727878,7.4443948442383,-0.795788655641615,0.00904163026529534
574,0.00185537630281131,7.45940879394628,-0.779597145416808,0.00777092001950152
575,0.00162883510630567,7.39006734639539,-0.781726739318739,0.00938512630283875
576,0.00146019248004646,7.33735631751389,-0.69470416713447,0.00800675087217104
577,0.00162122982623068,7.4178394532806,-0.7461940210344,0.00646242082633097
578,0.00174638331604665,7.54562919232523,-0.842707728850675,0.0106292869652631
579,0.00165230552454443,7.35567440428907,-0.687555279571665,0.00572161893408556
580,0.00156126723743919,7.39183653427051,-0.740818101699539,0.00878527767354323
581,0.00160166415195838,7.39801071442224,-0.764359546733524,0.00820338765762302
582,0.00170501249613892,7.38552781452273,-0.739791818636755,0.00880670816551378
583,0.00252364017956794,7.38135949493829,-0.739401141916823,0.00787072141797264
584,0.00156567014556241,7.39626729456992,-0.741777956259447,0.00719157839053409
585,0.00146632058227251,7.29395723558045,-0.713865223965414,0.008888333437742
586,0.00159551683248203,7.40709304338392,-0.726876455208392,0.00583338328386453
587,0.00154358620609977,7.3662706895854,-0.747583463155131,0.00979630264684494
588,0.00437320529849256,7.41892238815936,-0.714561796688525,0.00537049095625606
589,0.00345097982356547,7.3713830452401,-0.76636743145502,0.0118687021695969
590,0.00147633684915773,7.32395623575273,-0.711588121103808,0.00810773631683943
591,0.00157906157636716,7.39789134133289,-0.78591993348868,0.0108881588574432
592,0.00212134091433891,7.43221594148024,-0.808896816105645,0.0134646666283386
593,0.00155526074398475,7.3156163893842,-0.716599327512314,0.0106125174971459
594,0.00226869037829636,7.40447390008489,-0.749270074175866,0.0082374791099491
595,0.00157477026329817,7.41312873466268,-0.757038557323716,0.00907643139180086
596,0.00227191198793301,7.43008443019957,-0.737852881559462,0.00762488172493371
597,0.00161514189312854,7.43099558246381,-0.762370843578648,0.00795941633227958
598,0.00567140127490887,7.35467786925217,-0.733547219760882,0.00798656349766652
599,0.00172764421660312,7.45535058631597,-0.809275358776055,0.00932924987702337
600,0.00322625252624252,7.44600107069603,-0.780390213636226,0.00773198361193878
601,0.00158956389641668,7.40766418917176,-0.787630468913154,0.0109636751920596
602,0.00268084854797061,7.3681160940945,-0.70553978658894,0.00551367486867263
603,0.00250727662182355,7.40788856132664,-0.728049322094776,0.00559072982581833
604,0.00147741131802548,7.35883383918567,-0.731944346518652,0.00997569687531579
605,0.00264370119174379,7.42532470057402,-0.763472261943032,0.00711362391591855
606,0.00155985521989199,7.38605987931573,-0.738536445812615,0.00806286285633218
607,0.001661748917175,7.49837798232997,-0.748212303032912,0.0052193715724601
608,0.00162622999737343,7.43584475431699,-0.77407603335123,0.00944674414702249
609,0.00159632364805085,7.39207368059389,-0.77816205351374,0.0112709197576606
610,0.00153378173797691,7.33657658745514,-0.720349112830835,0.00739794065855335
611,0.00149880994299296,7.36108967922983,-0.724646788943401,0.00916471550562499
612,0.00149458010726579,7.37556597415923,-0.712012746294948,0.00707906357692878
613,0.00144074339606317,7.31741932885348,-0.68372615847107,0.00654080548731821
614,0.00174097938783142,7.35299764976639,-0.727483578082066,0.00989262724899284
615,0.00159407346832936,7.40714264219348,-0.740543047223624,0.00581282120188247
616,0.0016388760058546,7.32580744461298,-0.747345686299748,0.0110884185185194
617,0.00336872402388397,7.41714648099886,-0.808948433447865,0.0131723067094916
618,0.00165274843439897,7.50407354545128,-0.758294176245316,0.00625035259491855
619,0.00154416363973758,7.36369654687412,-0.753508656743692,0.00971433411455363
620,0.00156121845970591,7.42193061226158,-0.720113361148013,0.00575553158334087
621,0.00148593993625568,7.31213356465461,-0.721332867521328,0.00985000919214434
622,0.00150718519410237,7.36797893386724,-0.72371700335936,0.00786658417779498
623,0.00165107616208686,7.44140076690728,-0.764736352076654,0.00659424201974431
624,0.00159460616038286,7.40256829573289,-0.759772191751803,0.00986968267749853
625,0.00229484129585864,7.40799182455611,-0.763477588899659,0.00896088279083634
626,0.00160518338665512,7.40369601355387,-0.752266987002969,0.00708858769504083
627,0.00238243752461018,7.33664807327539,-0.710827424153187,0.00800754186166834
628,0.00156842092941137,7.37763311846167,-0.710596138636222,0.00553902146858645
629,0.00234624262703202,7.32454440927893,-0.733545206356329,0.0104434497422154
630,0.00157279526184028,7.42649295776265,-0.779790980114562,0.00946226759557927
631,0.00171815329014579,7.47548901130663,-0.795436023606232,0.00800496927318841
632,0.0016188940683362,7.40816478256247,-0.731663736480903,0.00558706814037084
633,0.00492472758982042,7.30171613892309,-0.711047293372424,0.00927636887481648
634,0.00155319711135748,7.40135445364974,-0.744396600284567,0.00929081662769786
635,0.00391512623507093,7.38432868044901,-0.691601834009178,0.0048550428685536
636,0.0014359504539343,7.3277992381468,-0.696573827775347,0.00744483943545575
637,0.00406665122185112,7.38712052424336,-0.75313772051415,0.00751098031046098
638,0.00155893760733125,7.42438890106777,-0.759805960483593,0.00892690435492466
639,0.00266167235797237,7.3714931743536,-0.752648414151411,0.0101465396489341
640,0.00160479904717366,7.37825520166354,-0.734035728062998,0.00600279473780495
641,0.00178320249557768,7.36222139497499,-0.728751393215766,0.0086024067522588
642,0.00174187665052032,7.43467986085725,-0.721074587657027,0.00507108372122575
643,0.00798845265586659,7.35412178575302,-0.691756628766326,0.00582043978723853
644,0.00152541566296573,7.37879127775858,-0.727494456232573,0.00711352279632124
645,0.00168818279803711,7.48735630608153,-0.816041648135558,0.0101374110023328
646,0.00394492958788927,7.44040937843514,-0.740759689605057,0.008239516178128
647,0.00162543619073786,7.30614019904141,-0.684589713742464,0.00620221529036731
648,0.00354735971367109,7.39854789903223,-0.738463414152627,0.00805805965599737
649,0.00149288413418662,7.34018769551449,-0.713040623834512,0.00740177644737412
650,0.00160208456454511,7.41182931500033,-0.749593530506322,0.008404566256807
651,0.00317317699399811,7.34125728850952,-0.694741286581064,0.00491908769814
652,0.00156812085486034,7.38557610189744,-0.741580970230417,0.00894071681896581
653,0.00156409117186521,7.39756054670723,-0.780308855462951,0.0106515301710011
654,0.00156843364673901,7.40692948253701,-0.763946355264679,0.0089939578524658
655,0.00158718258815846,7.35250164429963,-0.764036896512382,0.0101613885498455
656,0.0016245837666552,7.44302446024531,-0.816808492753924,0.0126665477127157
657,0.0048161939788925,7.40798773114183,-0.701768466903428,0.00416611899214738
658,0.00156047891729914,7.41532784643149,-0.753590852739793,0.00845963477136164
659,0.0016008661212972,7.42182611242688,-0.774283560028045,0.0102647646770928
660,0.00165126189904136,7.45002760731069,-0.745222701262845,0.00489056744498659
661,0.00154434195170377,7.39304471855901,-0.719254665929824,0.00754296629655507
662,0.00442736306232016,7.39217064732817,-0.719956813011288,0.00491049746335513
663,0.00163024829328956,7.41318989161007,-0.761306685078597,0.00777317688949754
664,0.00164202999842933,7.42167009359617,-0.745177426750695,0.00666089818723802
665,0.00157680098474102,7.34786619358492,-0.739353263622914,0.00759216541102771
666,0.00153746224366265,7.42353101555152,-0.767656548861361,0.01039973277732
667,0.00230891115477038,7.37696974131444,-0.754187210005382,0.00828693888168537
668,0.00160733907820729,7.41863434525986,-0.760970173193712,0.00878239180709752
669,0.00144511037089951,7.31278490747354,-0.711422591692799,0.00837291440233079
670,0.0518696710469062,7.19498064844699,-0.575534181790449,0
671,0.0036347884408062,7.42431766402516,-0.792505867214476,0.0128170916465789
672,0.00151551666464758,7.41752795246716,-0.733419690363155,0.00797772737029235
673,0.00162616909721464,7.3978904175032,-0.807254066148175,0.0113574547644835
674,0.00341636161393029,7.40201524122203,-0.764108665877832,0.00878021180824712
675,0.00162689794355581,7.43785848465225,-0.791469546642432,0.00985616856361318
676,0.00525237149805473,7.39426466126322,-0.722889341768835,0.00585602697216441
677,0.0015440516161671,7.38636962257947,-0.754241326959973,0.0106645314425799
678,0.00157016719540396,7.37305371909434,-0.765362693943727,0.0106293655031391
679,0.00171468654509692,7.48176075348154,-0.809557790981508,0.00949539195742655
680,0.00212758519450697,7.38434576330718,-0.730975725506822,0.00575822655992798
681,0.00158434868245574,7.39335604848327,-0.767494284540372,0.0100005684480755
682,0.00295251358191111,7.36299730947836,-0.715457673415052,0.00676834779413474
683,0.00159850076619476,7.39860403656249,-0.762006485973378,0.00927123042709068
684,0.00329432757547463,7.35602663834712,-0.731653306796252,0.00808267800893395
685,0.00167782539641791,7.40165978756476,-0.720234787788422,0.00776243870681374
686,0.00166036066905834,7.43720185231389,-0.768992071879265,0.00709868966635633
687,0.00231745490166478,7.39330601287633,-0.714831381421513,0.00548536619089112
688,0.00161406863357797,7.39492508370729,-0.76188404504484,0.00860515891351799
689,0.00170969151155968,7.42487437233298,-0.750026969181625,0.00944592261756434
690,0.00153574205694052,7.39251190904703,-0.760976624562376,0.0102274504238945
691,0.00169617177929873,7.47301633456401,-0.78946895624132,0.00750284640802227
692,0.0016621632987991,7.44364941628505,-0.752086647220758,0.00622143281432345
693,0.00169701675562478,7.39071852790803,-0.724770727807689,0.00684947077444903
694,0.00143803832315364,7.3053784666281,-0.697807481818274,0.00724293794209451
695,0.00156635563565506,7.41261118824429,-0.71739784788458,0.00598072294490578
696,0.00178479154187471,7.44568698866166,-0.783555205602203,0.00940905050967232
697,0.00321168156516817,7.34816375271025,-0.714838094166157,0.00766040819879985
698,0.00162921281166409,7.42882126787226,-0.730414985026337,0.00452647677535594
699,0.00156163008649223,7.36949468989121,-0.735374147989138,0.00699096513452688
700,0.00160002547171005,7.39134236292051,-0.742025724697394,0.00667578276883245
701,0.00437181281229718,7.40733768712935,-0.746417715135855,0.00824642832124157
702,0.00230270202265781,7.43798974657143,-0.789105171356564,0.0115153891838887
703,0.00155076042152439,7.40982952676248,-0.759321084435775,0.00934188746832985
704,0.00155986044981896,7.41654484297473,-0.741241843570274,0.00769448217844153
705,0.00151939842522039,7.31433893628802,-0.716934874167405,0.00725555306587241
706,0.00163770238152316,7.43163478663807,-0.755451480774262,0.00599488293937973
707,0.001628644168632,7.42879616338716,-0.765812836194142,0.00791851611668889
708,0.00392602135578922,7.38632047786574,-0.756922631857165,0.0108090771979129
709,0.00167219086466448,7.47395613732622,-0.782353045920605,0.00639938341385798
710,0.00164083713281625,7.46482316261832,-0.762214399458343,0.00711434140167762
711,0.00157321300175756,7.38435775511188,-0.739093758345816,0.00745627553297046
712,0.00160815847753675,7.40545828130481,-0.753013544767221,0.00780964850540507
713,0.00153364710505156,7.34934321274264,-0.745141332284319,0.0102801173979784
714,0.00247111967204479,7.36492708937903,-0.748334574684381,0.00927045711695101
715,0.0595043030036436,7.23457655849534,-0.592863710598439,0
716,0.00172335553651784,7.40980522275217,-0.770571964603758,0.0101288696309345
717,0.00159357699385827,7.38343228718805,-0.768180517719817,0.0105528763210476
718,0.00249677196297188,7.41622388953727,-0.784728078725396,0.011205233977798
719,0.00170193274230637,7.40025008431003,-0.71447729233207,0.00571964165438506
720,0.00230712455037025,7.45933120380216,-0.755659281524405,0.00847349492430043
721,0.00164263144791179,7.44139259181761,-0.77443742612549,0.00809468548239675
722,0.00151185598321123,7.39410382961929,-0.731937940973738,0.00824299849212206
723,0.00171776538463213,7.47177177805263,-0.738012119541597,0.00593901044740595
724,0.0068967141181773,7.36939099451679,-0.750624477072621,0.00875816828683487
725,0.00161160304831853,7.41285433825077,-0.802588905583908,0.0125813010257956
726,0.0015075290297847,7.37965885696514,-0.693871414814745,0.00526632244848865
727,0.00155738740887918,7.41347017166075,-0.697180828193839,0.00467300359710744
728,0.00153044680486019,7.35179539960876,-0.724014375313593,0.00850227361757839
729,0.0355030650607793,7.32576069015073,-0.640222570641699,0
730,0.00171667712352281,7.48910114910353,-0.815386779668951,0.00858071351261741
731,0.00153834872193338,7.34171653097703,-0.739609182577389,0.0087235776120688
732,0.00172495236397902,7.45728607191711,-0.775983048359653,0.00589876885004145
733,0.00160077733485346,7.4172536738748,-0.753995283403891,0.00870369864459281
734,0.00158772921260856,7.39318603282869,-0.731869626382175,0.00614691104627603
735,0.00225581424419694,7.27180467551284,-0.670478496543289,0.00694606620855712
736,0.00156566402008038,7.30223013935824,-0.724875173590591,0.010691486971508
737,0.00410361031005745,7.41003090609033,-0.775633306620546,0.00919808950102966
738,0.00161768714100385,7.44877520119152,-0.770946999631808,0.00865375995057331
739,0.00524389032757331,7.34664764739269,-0.717137922624413,0.00713108081373923
740,0.00363693848034246,7.36338179207744,-0.7281177979419,0.00695333162272161
741,0.0382289804757573,7.31620821187679,-0.634750060369293,0
742,0.0016663682941846,7.46369129021754,-0.783245678433224,0.00827238167236714
743,0.00336855227209693,7.43729822724014,-0.732910812855439,0.00714733129080102
744,0.00169797383384419,7.4721172250988,-0.800941118004363,0.0091954769029415
745,0.0552815111789765,7.27564691153784,-0.602846625163786,0
746,0.00161260941298859,7.46479772737767,-0.774723955650719,0.00878889914744609
747,0.00162043705336792,7.41588228689466,-0.780454587384949,0.0102963050560034
748,0.00156335542903074,7.44567237923244,-0.801441634705558,0.012188837991004
749,0.0014917574126017,7.39598964310669,-0.737519725806867,0.0101150299830911
750,0.00166247994822192,7.403259548466,-0.776217109478664,0.0124498597991082
751,0.00169594326460241,7.47541458297631,-0.763028718743403,0.00464454960767089
752,0.00171552110201857,7.42987810063769,-0.784437765163279,0.0113225309017168
753,0.00235118911328573,7.347478177421,-0.707134633261556,0.00827777075681859
754,0.00168921434393154,7.35112969704858,-0.737203736971185,0.0087298784720183
755,0.00167372697059993,7.49373821527776,-0.792207558860234,0.00920098692256601
756,0.00287632863203343,7.44697981832193,-0.785664426396584,0.0091526701979309
757,0.0145848595292861,7.38085769074146,-0.71713956910619,0.00576583197252429
758,0.00165003957469936,7.4450280134664,-0.772120327510606,0.00715405862793285
759,0.00141633688258662,7.29369730908646,-0.687350511960226,0.00832385812818775
760,0.00155304608660447,7.39097357569065,-0.750161373000155,0.00831999343554036
761,0.00245316208261383,7.40567680394972,-0.747903296172316,0.00866616435137032
762,0.00160302506445682,7.4310998575034,-0.789675345257407,0.0104456044464877
763,0.00164030728472908,7.42203336886547,-0.76141674539829,0.00848782278325494
764,0.00246463947072546,7.45864694708447,-0.789531020127483,0.00732785870970426
765,0.00156527720067635,7.37587391111451,-0.73227098775142,0.00766865389794195
766,0.0530462211036316,7.25008157462035,-0.591587452460956,0
767,0.00370764499046138,7.4258612705507,-0.746209151601216,0.00641681504269785
768,0.00157193381186846,7.4604851370856,-0.735219142831476,0.00714359191905537
769,0.00165831215970958,7.37537872447551,-0.753562564087205,0.00918831555395647
770,0.00322223888065732,7.37335305005944,-0.727919684739292,0.00839309047453025
771,0.00163434400354562,7.49092317310833,-0.791669523737241,0.00852940036855812
772,0.00183356489262106,7.38454239994629,-0.745549692733301,0.0102258693067555
773,0.00152195852456734,7.39326849071922,-0.734056070918453,0.00820996834527411
774,0.00396520688916244,7.27852971902409,-0.701358850185697,0.00991922678140265
775,0.00162420440343862,7.44162395028238,-0.729807911917207,0.00517309647895344
776,0.00162774583356418,7.44833932463519,-0.747979225074762,0.00628322748981108
777,0.00164003663884152,7.40998983558661,-0.757884130194394,0.0069375793148103
778,0.00561987255807777,7.35650632898481,-0.724544181712249,0.00811041882151129
779,0.00146161211319228,7.27716091994375,-0.711829576686182,0.00908382563623905
780,0.00151614119527542,7.35193308033388,-0.707115524096288,0.00700482762135184
781,0.00161462248613853,7.42202226499961,-0.791488134768057,0.011614826126792
782,0.00140395680983407,7.30105205379445,-0.671846752420887,0.0072079501101885
783,0.00156311814420059,7.39569302990637,-0.748343426876264,0.00743633000260535
784,0.00153374387353058,7.42458216082769,-0.728456572307646,0.00792356513482441
785,0.00138203084646742,7.31283537078529,-0.698577804226349,0.00929018523664605
786,0.00156514636113094,7.43828972488174,-0.794017374849729,0.0127713036718608
787,0.00156728853007996,7.42357093643854,-0.759252707328373,0.0100778001455368
788,0.0387426464165977,7.32669441595651,-0.642429057805069,0
789,0.00226389153998812,7.41165077293876,-0.795244253240369,0.0119396573489376
790,0.00415121203327303,7.32104932549684,-0.686809069711335,0.00600697799392541
791,0.00162715017739293,7.44206428028743,-0.781184024604535,0.00939732747538081
792,0.00152561631915932,7.37799982070922,-0.762572267549298,0.0111042714988085
793,0.00150093758889598,7.32845236934712,-0.714371427613244,0.00843266520692907
794,0.00156470998176182,7.35506287750354,-0.732820937763485,0.00708176475199612
795,0.00309681095885192,7.35049150906331,-0.694664338277666,0.00644635653470503
796,0.0418099595845567,7.32670131337379,-0.622983357455396,0
797,0.00144567824794134,7.3598518087818,-0.746263792737344,0.0108947028209276
798,0.00224679955647861,7.41496102582902,-0.74120156412284,0.00870409730855342
799,0.00154683531489432,7.38913939209326,-0.731752102746129,0.0070057514353796
800,0.00576444581682229,7.3980049034115,-0.718874134818597,0.00588392063596389
801,0.00157519548125702,7.4096391904515,-0.752667346836924,0.00882107575287989
802,0.00155621779113068,7.39257687058019,-0.722817277928072,0.00674293719338173
803,0.00146734298564873,7.35390592856521,-0.704706277674578,0.00789773011892039
804,0.00193700895378305,7.40251838494804,-0.766649560776061,0.00853433132429435
805,0.00154072901904942,7.37946448404076,-0.756485898176484,0.00984690074592988
806,0.00156932224786123,7.40318459366601,-0.72322033944279,0.00631737681708524
807,0.00154411826369601,7.38616983023018,-0.74904718091364,0.00879602318379804
808,0.00161460211996991,7.43068249231168,-0.757603098219267,0.00764640728183723
809,0.00293344541698187,7.3682435567271,-0.725748269734946,0.00825405204911824
810,0.00164637800380559,7.45354681089718,-0.778433500204351,0.00871742552855114
811,0.00151758449843655,7.29538617115788,-0.70678466675465,0.00674635921074756
812,0.00146414696518462,7.2997247930763,-0.692613200616554,0.00688118639360691
813,0.00161669928174084,7.4452634785354,-0.802332988046055,0.0112467278121035
814,0.0384161991753545,7.33027941548247,-0.623524818284067,0
815,0.00196668234050559,7.3524057974622,-0.731404269513807,0.00924375439459652
816,0.00140379466408659,7.29494088469672,-0.661111679705318,0.00598249159719022
817,0.0015908887648028,7.42153819992701,-0.760995655377341,0.00836293647653422
818,0.0015596310293012,7.4048144488354,-0.766800716944041,0.00921162997707024
819,0.00163051043955742,7.43264850896941,-0.805691394796946,0.0100110894304862
820,0.00154643634375098,7.3452120965397,-0.763643746131836,0.0111664497201238
821,0.00156797583503558,7.43754820711255,-0.808790639155965,0.0150487955394084
822,0.00968878795445678,7.33852226954066,-0.717985800179325,0.0090175836632744
823,0.00159156352835772,7.41094927503483,-0.766986382556299,0.0088204039683995
824,0.00151613094388891,7.36416974455775,-0.756461507828889,0.0110433707182119
825,0.0014741195262219,7.29406537585361,-0.702008684863276,0.00776479418937491
826,0.00441607841285195,7.39438289644545,-0.733800373477177,0.00724504527838016
827,0.00181435234386811,7.47236343484382,-0.792636912468389,0.00988643357449363
828,0.00371235152659614,7.38639844637815,-0.724736937097407,0.00577123206840372
829,0.00151089485440662,7.3896804059346,-0.734051059773496,0.00960189639784838
830,0.0067641790540402,7.35048155083234,-0.736012563102073,0.00858812697119919
831,0.00214133067179806,7.38353115078681,-0.762732927405433,0.00758135385346946
832,0.0124301533463349,7.44502929636777,-0.730631633254824,0.00638346844360156
833,0.00182182663938946,7.48333150551013,-0.794599713497729,0.008554648871849
834,0.00542929540437591,7.40342629743039,-0.745555555743188,0.00682396274157642
835,0.0015840094727736,7.41695651666681,-0.761352820417688,0.00960696249386168
836,0.00152525394170856,7.35312781343858,-0.729703268362548,0.00885135108062509
837,0.00443563581995246,7.38236973854459,-0.763368079138995,0.00916880426616441
838,0.0024701677053194,7.37786927135225,-0.75240443547479,0.0088743023009781
839,0.00159944953866227,7.38254793109397,-0.736611811450428,0.0062878200116004
840,0.00597353360095252,7.3228074621672,-0.715774016346841,0.00951353442614472
841,0.00167970593126576,7.48158662811207,-0.791397964830743,0.00744774412509801
842,0.00150090306780069,7.32002271274312,-0.763078467003289,0.0126789788481329
843,0.00154745562851108,7.41870911077807,-0.750572651958654,0.00823871939202715
844,0.00146260339410053,7.33454581236084,-0.713866235847693,0.00917087893696333
845,0.00187342834490767,7.47507242651572,-0.815451299023646,0.00982511651495488
846,0.00147454953396738,7.33027621760257,-0.766447173952261,0.0144237113114291
847,0.00158005523875682,7.38881167104948,-0.747189900515946,0.00840485140488693
848,0.00157413126791221,7.40077340232323,-0.719125475016536,0.00597534126013208
849,0.00363785185462879,7.4298157899626,-0.740219412896666,0.00856980491773668
850,0.00408132978395931,7.348632158538,-0.733237307532861,0.00674284118622864
851,0.00156640616322368,7.40720180262448,-0.725726531595757,0.00553672367386754
852,0.00157724072322406,7.38213209244025,-0.750328280107021,0.00895863649384508
853,0.00160391520792295,7.40567199189149,-0.782531951816142,0.00768418110721313
854,0.00163447784446183,7.44411198035032,-0.803642479302541,0.011267293527637
855,0.00508637357389741,7.29301421528454,-0.753735563119388,0.0118268406035239
856,0.00600393450022362,7.41913528480894,-0.755733514542129,0.00691893550094722
857,0.00227890182632099,7.37951375527193,-0.77770162243872,0.0100785456676882
858,0.00154428269705631,7.38148399340652,-0.714590442099047,0.00621835881779843
859,0.0020159338783853,7.3929811172325,-0.734040336634429,0.0078780145716604
860,0.00161490978122052,7.38517958783888,-0.748824859080083,0.00611605613388552
861,0.0016025793027521,7.46558133760456,-0.763993504227253,0.00751807113985494
862,0.00152455547103255,7.35087750594737,-0.74444820867152,0.0093882268114682
863,0.00425117295313559,7.35334982035809,-0.717951368444774,0.00666683831303222
864,0.00169124103166071,7.46567758002547,-0.803055328433433,0.00777214786832417
865,0.0314512083420335,7.3616867904491,-0.636216505685011,0
866,0.00245249026463462,7.40311417995967,-0.747590081807108,0.0089482972614678
867,0.00249361877908574,7.41176038926355,-0.752791106115295,0.00822497130571313
868,0.00158076864210951,7.41077737693103,-0.738834952573614,0.00739889230181422
869,0.0015440252454016,7.40105988708353,-0.737592279518706,0.00821848346430792
870,0.0616306638500717,7.31183042586306,-0.609414147392767,0
871,0.00158396524111487,7.37630604830987,-0.767479309019341,0.00987094950395437
872,0.0537854309144041,7.28170380376922,-0.582932862371554,0
873,0.00244631101905949,7.37065993912855,-0.706422298946949,0.00675009905019389
874,0.00159135777095755,7.41651873996934,-0.756015633274697,0.00905219733445583
875,0.00158900400565707,7.41613273072372,-0.758617439012701,0.00828662505078866
876,0.00148174766226543,7.3530234686298,-0.71741869709546,0.00759131840610099
877,0.00146969924095101,7.33792906275061,-0.74390342678778,0.0108180733018597
878,0.00154980741113544,7.43700837573644,-0.749708706536306,0.0089684587904421
879,0.00147035691824463,7.41037088678701,-0.732613345121242,0.00996402046654756
880,0.00223179003276493,7.24685497544742,-0.67322346687914,0.00735300941469035
881,0.00153953168831993,7.38232887089783,-0.738951416999511,0.00819456396596477
882,0.00159480812073452,7.42393630069356,-0.754988628237438,0.0096122681607434
883,0.00166221265596549,7.50022204145882,-0.799744227434778,0.00920317874266017
884,0.00240503564104531,7.37329636933315,-0.740295389034821,0.0089203575254325
885,0.00152263114203306,7.35952146872769,-0.72104580843329,0.00837941613219003
886,0.00153661080183339,7.3455722507011,-0.746568661015673,0.00870714335499423
887,0.00167472698556149,7.47694357516152,-0.787079500234669,0.00809362326133843
888,0.00163488658092875,7.45739550314299,-0.764991426001967,0.00715301466807531
889,0.00198394097646196,7.38227948024922,-0.77543724226028,0.0128847798704221
890,0.00268504005069277,7.37413618916353,-0.73663529169662,0.00873762723123939
891,0.00163946376416153,7.32782393201364,-0.737518706031496,0.00967855885763458
892,0.00169647244220027,7.5000261953919,-0.791130382877238,0.00887844826808845
893,0.00370246352734518,7.41028999195943,-0.731859715833346,0.0047744039279001
894,0.00159614398713185,7.40771418356665,-0.743929144759244,0.00710537999769749
895,0.00471961544113337,7.3958969597523,-0.732092249507847,0.00694176828346692
896,0.00155045362962637,7.35305637148335,-0.706051712728922,0.00463589869086867
897,0.00233733571264099,7.33577178116625,-0.71627192943525,0.00868583747624243
898,0.00159530265941683,7.47242960570873,-0.800604354039812,0.0101050043187004
899,0.00173178932618219,7.40921560905762,-0.764822936899841,0.00984715744514829
900,0.00161211621090009,7.43053272929136,-0.764369790496503,0.00831747125521549
901,0.00234388843370842,7.41365291847047,-0.779287807750404,0.0101642612810713
902,0.00158144131988882,7.40518552110311,-0.759092419061791,0.00967823208273448
903,0.00167334535138037,7.44256976227476,-0.763197841812424,0.00701723568214218
904,0.00234049408097201,7.39756158826626,-0.777527202545174,0.00987272171797265
905,0.00331457619791044,7.39257387589408,-0.739984562523894,0.00769183879784721
906,0.00165376806953264,7.37024378731418,-0.751361295065211,0.0103927973327447
907,0.00364269875548926,7.26464338943582,-0.688786509009199,0.00854893690489426
908,0.00435663232475187,7.36426538284209,-0.722073384704865,0.0067192253086683
909,0.00145632509477919,7.34822884605815,-0.711635301825425,0.0095695477026404
910,0.00156344243900526,7.4118975431151,-0.7530569166383,0.00962041331601032
911,0.00150128312153294,7.37147101619161,-0.739446764392789,0.00905387732006901
912,0.00163487773824426,7.44160233041002,-0.750323954514002,0.0059656253265228
913,0.00158457060337685,7.42148440861105,-0.759953517650758,0.00937272292708384
914,0.00246902605630685,7.39128080232758,-0.746411307580432,0.00851772043879464
915,0.00153039890684609,7.40843706980069,-0.769011822531551,0.0111623590940678
916,0.00159040713549916,7.40105777109388,-0.731307916571721,0.00517819987344355
917,0.00157266483526788,7.39714431275957,-0.732049790304392,0.00711541343672959
918,0.00173097184571162,7.37900020296303,-0.76074268517079,0.00864607942442655
919,0.00157259596272021,7.42994402576413,-0.741587893968497,0.00716277841805481
920,0.00156865227354386,7.41773840834315,-0.792054641779921,0.0123727724666672
921,0.00158808551678154,7.37957554487618,-0.753820571303771,0.00860624589015233
922,0.00252178653392118,7.29997678802219,-0.721317466325304,0.0108912868440439
923,0.00161340812768765,7.40763007003706,-0.788852384984415,0.0104645149183009
924,0.00159737086958983,7.38255765178149,-0.715622325174542,0.0049079208447024
925,0.00154653303964213,7.44165897868614,-0.738943017090966,0.00902371825752212
926,0.00154684599666515,7.37177438012624,-0.708728384760909,0.00597401640844057
927,0.00149927731594304,7.36850172480695,-0.705938652558643,0.00683153522481599
928,0.00231180490896091,7.39231746837398,-0.754372075332549,0.00898132418052099
929,0.00162590203919266,7.33388068084873,-0.683389219993884,0.00584893024444245
930,0.00158074250721773,7.40581698523734,-0.72999860105085,0.00759436029841937
931,0.00151307879972137,7.36896284220967,-0.709734493824366,0.00652780823668455
932,0.00182358278289398,7.43636700976636,-0.781617937007734,0.00927813691211292
933,0.00164283391063638,7.48543194822702,-0.774256710214546,0.00698306931635894
934,0.00161564991873562,7.39453975678085,-0.749427430975031,0.00793791563782436
935,0.00414509737110049,7.3948114876995,-0.731319198201921,0.00936504879002591
936,0.00654539248326211,7.44161988220318,-0.761337925980822,0.00840022711403013
937,0.00320826136859019,7.37001928214881,-0.752165494077503,0.010493909766854
938,0.00229074593693553,7.39061823875714,-0.729835651543412,0.00728934636746811
939,0.0015339028395907,7.31909237748628,-0.720036524079768,0.00810982274455805
940,0.00165446036196421,7.45070066282313,-0.831646159196021,0.0132760914534202
941,0.00223915964639183,7.37784493973864,-0.711383339847855,0.006697588978521
942,0.00159944049987905,7.43976905748268,-0.758196151911662,0.00921252903977691
943,0.00176827374349806,7.41302619125283,-0.721639391761001,0.0048678568529464
944,0.00153889329268012,7.37847083820954,-0.749903770919896,0.00895743046084844
945,0.00327551134632824,7.35445485868511,-0.739449989977495,0.00911325366478731
946,0.00241944214180342,7.3687627382824,-0.735524443263317,0.00909021384228668
947,0.00310091838637694,7.44069209168529,-0.750978431381571,0.00777776844127763
948,0.00146314140261538,7.36419882031634,-0.676498376058544,0.00587507019572048
949,0.0052573263464067,7.40607035188894,-0.731111583885619,0.00689695857420178
950,0.00155291682114854,7.37750876163912,-0.741294282702601,0.00922333702073254
951,0.00156737185899654,7.3900048404439,-0.738678586683384,0.00740825259427342
952,0.0016466722674667,7.42260777771201,-0.76405370353322,0.00709859896105216
953,0.00163141210124275,7.42424188012519,-0.787575320554491,0.00947120991228495
954,0.00157590182673457,7.3923788340293,-0.775171018561168,0.00993915639285124
955,0.00451318332628885,7.34209711225147,-0.711312773855578,0.00841251117547205
956,0.00154294689776991,7.3886598899111,-0.759715772218914,0.0107874966386646
957,0.00161808029405363,7.41830571316002,-0.779519187942988,0.00928756253911384
958,0.00157861594040649,7.39765355033211,-0.75465139097013,0.00807042510790077
959,0.00343290075452541,7.32588894240996,-0.690162377249795,0.00638760486661017
960,0.00289070763644895,7.34180234957267,-0.732599069884233,0.00948145676285893
961,0.00253678093736015,7.32093844170521,-0.685514829530022,0.00741258013357348
962,0.00161561858730264,7.42785621340993,-0.786400118352488,0.00990279387695933
963,0.0324125175121458,7.36517893713869,-0.654454107256498,0
964,0.00169281502688763,7.48138826737024,-0.802844566249093,0.0077865954750578
965,0.0477960764824553,7.37541556281386,-0.645432216553651,0
966,0.00147555250006879,7.31808853077596,-0.675199077898815,0.00558125686344976
967,0.00231340286452979,7.40005004228542,-0.789428884689668,0.0107342212356746
968,0.00420457428871883,7.34973287405687,-0.745786989508293,0.0106543648121885
969,0.00512203497943342,7.37064417670855,-0.716383876381744,0.00750015057471982
970,0.0016778420430463,7.44645682343659,-0.788045442192363,0.00832597779930737
971,0.00387325318267122,7.34764962410155,-0.702087223689835,0.00598981079707994
972,0.00146702394213786,7.33528257060781,-0.707831853036706,0.00805706180111734
973,0.00437146080797379,7.35981983491469,-0.715026503457517,0.00619661521726981
974,0.0533952660739362,7.23823926908164,-0.58592347684895,0
975,0.00433050991797046,7.43011783258134,-0.775623599025156,0.0109315614511933
976,0.0016899614863176,7.34665664644606,-0.72296717439883,0.00666550543371957
977,0.0016810671452259,7.38758159392777,-0.751555562073043,0.00983723840060934
978,0.00154892251715449,7.41640266880677,-0.758293033297775,0.0095098379671558
979,0.00159240273628087,7.44907364614388,-0.770801702815364,0.0098200444658535
980,0.00160656392619561,7.42067669685579,-0.731356560693954,0.00696666039031123
981,0.00152524345581308,7.33872104322438,-0.761105156662718,0.0112571126242736
982,0.00328414208875751,7.43707109912334,-0.750549435613637,0.00879496490517006
983,0.00362044994492648,7.38896605582963,-0.783553964906768,0.0125520366859823
984,0.00162002835750491,7.40967139143806,-0.769410100037321,0.00880184958988342
985,0.00744677419014466,7.36147046697873,-0.714557193884849,0.00655228374572165
986,0.00177529942582315,7.40102546541231,-0.725996879648013,0.0050197700351154
987,0.00157929439425823,7.44103798602775,-0.767640922554129,0.00899111806547834
988,0.00155752902235303,7.4284673551779,-0.78492472273854,0.0119014060196814
989,0.00152547256666729,7.37545768170558,-0.73740671953627,0.00926353864498918
990,0.00177657882275967,7.41516545184356,-0.774618596441266,0.00960719774935892
991,0.00164336065625985,7.35421855898228,-0.750656538966863,0.0110975095456888
992,0.00408861246035576,7.4399695362099,-0.731493927075461,0.00553835292870255
993,0.00155347796461028,7.42104540192435,-0.734358765283347,0.00776601801925099
994,0.00149850816663856,7.36097099718586,-0.755672783447145,0.0110930619727698
995,0.00163183235507362,7.29059898365612,-0.714038937723104,0.00861149874889334
996,0.00156186434998136,7.3716116759467,-0.757801823200785,0.00975624875994089
997,0.0015483184946482,7.39089992420174,-0.768078661181477,0.0106138601528518
998,0.00171776468052873,7.39960163372131,-0.759424184518415,0.00919995337241281
999,0.00161228453547628,7.41436095281661,-0.755268074019757,0.00841216168775294
1000,0.0026060966148196,7.44478560640384,-0.741186553826108,0.00592563274586197
