iter,Upper Crust,Middle Crust,Lower Crust,Mantle,Total
iter_0001,2.0630887888333138e+31,2.3802833347533508e+29,0.0,0.0,2.0868916221808476e+31
iter_0002,2.0514243548541767e+31,2.584233708859978e+29,0.0,0.0,2.077266691942777e+31
iter_0003,2.1711997874313227e+31,3.349319275004381e+29,0.0,0.0,2.2046929801813665e+31
iter_0004,2.134507145654052e+31,2.9324164568751758e+29,0.0,0.0,2.1638313102228037e+31
iter_0005,2.0005902576234074e+31,2.3721959442046683e+29,0.0,0.0,2.0243122170654542e+31
iter_0006,2.118517915983183e+31,3.569940348896228e+29,0.0,0.0,2.154217319472145e+31
iter_0007,2.1125692011688275e+31,2.8565174818466943e+29,0.0,0.0,2.141134375987295e+31
iter_0008,2.1451564155201315e+31,3.897615175649437e+29,0.0,0.0,2.1841325672766256e+31
iter_0009,2.047793874884762e+31,2.7711566263762507e+29,0.0,0.0,2.0755054411485243e+31
iter_0010,2.047918267622661e+31,2.718940690759779e+29,0.0,0.0,2.075107674530259e+31
iter_0011,2.1094693241666023e+31,2.3182072675469804e+29,0.0,0.0,2.1326513968420723e+31
iter_0012,2.1288314005020483e+31,1.6885151000875076e+29,0.0,0.0,2.1457165515029233e+31
iter_0013,2.1551489235176846e+31,2.4659227672568043e+29,0.0,0.0,2.179808151190253e+31
iter_0014,1.9716143330557531e+31,2.6472183938519248e+29,0.0,0.0,1.9980865169942725e+31
iter_0015,2.0500767853454006e+31,1.6061044551979498e+29,0.0,0.0,2.06613782989738e+31
iter_0016,2.3264357117191055e+31,3.478247055831878e+29,0.0,0.0,2.361218182277424e+31
iter_0017,2.2466399719497696e+31,2.8136127535120536e+29,0.0,0.0,2.2747760994848904e+31
iter_0018,2.077564320214171e+31,2.1760713083106033e+29,0.0,0.0,2.0993250332972767e+31
iter_0019,2.1092212426124082e+31,2.4624552274327326e+29,0.0,0.0,2.1338457948867356e+31
iter_0020,2.1205469637741914e+31,2.145455277970297e+29,0.0,0.0,2.1420015165538944e+31
iter_0021,2.035760715030238e+31,1.9754416006456965e+29,0.0,0.0,2.0555151310366945e+31
iter_0022,2.1494010007081293e+31,3.1461550007316136e+29,0.0,0.0,2.1808625507154453e+31
iter_0023,2.0852864776618455e+31,2.1980461775798168e+29,0.0,0.0,2.1072669394376443e+31
iter_0024,2.202425605069114e+31,3.0176900042822407e+29,0.0,0.0,2.232602505111936e+31
iter_0025,2.0227872920473702e+31,2.5197973702081713e+29,0.0,0.0,2.047985265749452e+31
iter_0026,2.228331650850161e+31,2.765289860226731e+29,0.0,0.0,2.2559845494524283e+31
iter_0027,2.126738134700286e+31,2.981222632524158e+29,0.0,0.0,2.1565503610255275e+31
iter_0028,2.120374762128454e+31,2.792762852804801e+29,0.0,0.0,2.1483023906565017e+31
iter_0029,2.137000462194662e+31,2.8533650127500107e+29,0.0,0.0,2.165534112322162e+31
iter_0030,1.9643946865166947e+31,3.125557366649879e+29,0.0,0.0,1.9956502601831933e+31
iter_0031,2.103687256146021e+31,2.1722259592634592e+29,0.0,0.0,2.125409515738656e+31
iter_0032,2.166977253774248e+31,2.698502093874826e+29,0.0,0.0,2.193962274712996e+31
iter_0033,2.0782369497030554e+31,2.2421665250793076e+29,0.0,0.0,2.1006586149538487e+31
iter_0034,2.0244055261841488e+31,2.53121243125587e+29,0.0,0.0,2.0497176504967074e+31
iter_0035,2.1259029263978567e+31,2.4375673175423905e+29,0.0,0.0,2.1502785995732807e+31
iter_0036,2.206484473510565e+31,2.8078445512755736e+29,0.0,0.0,2.234562919023321e+31
iter_0037,2.0476022835660766e+31,1.6417217188196313e+29,0.0,0.0,2.0640195007542725e+31
iter_0038,2.2571965230838127e+31,2.386624015732532e+29,0.0,0.0,2.281062763241138e+31
iter_0039,2.1469889065545806e+31,2.6145775681443722e+29,0.0,0.0,2.1731346822360244e+31
iter_0040,2.3252433583440825e+31,3.913644251524302e+29,0.0,0.0,2.364379800859326e+31
iter_0041,2.1465887461486144e+31,2.6253892461584304e+29,0.0,0.0,2.172842638610199e+31
iter_0042,2.2741690327946377e+31,3.3480515178758e+29,0.0,0.0,2.3076495479733956e+31
iter_0043,1.9512042751738674e+31,2.437228757836629e+29,0.0,0.0,1.9755765627522337e+31
iter_0044,1.9690714126517463e+31,2.828134117035432e+29,0.0,0.0,1.9973527538221004e+31
iter_0045,1.9525266889048972e+31,3.056152658843831e+29,0.0,0.0,1.9830882154933354e+31
iter_0046,1.9266216228511855e+31,2.3358327793138474e+29,0.0,0.0,1.9499799506443241e+31
iter_0047,2.0513983739942984e+31,2.434951723350513e+29,0.0,0.0,2.075747891227803e+31
iter_0048,2.2092492039069696e+31,3.0827767015415707e+29,0.0,0.0,2.2400769709223853e+31
iter_0049,1.988816452373807e+31,3.4429026306140954e+29,0.0,0.0,2.0232454786799482e+31
iter_0050,2.0306347008560957e+31,3.566486842015187e+29,0.0,0.0,2.066299569276248e+31
iter_0051,2.1404561688278884e+31,3.5516046691729916e+29,0.0,0.0,2.1759722155196186e+31
iter_0052,2.2346949908668817e+31,3.872521434611381e+29,0.0,0.0,2.2734202052129956e+31
iter_0053,2.0111348173146512e+31,3.57758254300633e+29,0.0,0.0,2.0469106427447143e+31
iter_0054,2.189397515520985e+31,3.0449363922357623e+29,0.0,0.0,2.2198468794433426e+31
iter_0055,2.1325574355055384e+31,3.357838841513674e+29,0.0,0.0,2.1661358239206747e+31
iter_0056,2.1814167442182797e+31,2.60422851717138e+29,0.0,0.0,2.207459029389993e+31
iter_0057,2.1753751310323763e+31,3.1551234010943112e+29,0.0,0.0,2.206926365043319e+31
iter_0058,2.051242709334903e+31,2.524002991907607e+29,0.0,0.0,2.076482739253979e+31
iter_0059,2.2219143459951167e+31,2.46004748679574e+29,0.0,0.0,2.2465148208630742e+31
iter_0060,2.1768128490236546e+31,2.273782221674221e+29,0.0,0.0,2.199550671240397e+31
iter_0061,2.0061512805687226e+31,3.0773982463922103e+29,0.0,0.0,2.036925263032645e+31
iter_0062,2.1733475063776624e+31,2.8158265695348327e+29,0.0,0.0,2.201505772073011e+31
iter_0063,2.155857706981039e+31,2.6714882340357745e+29,0.0,0.0,2.182572589321397e+31
iter_0064,2.2466850428955495e+31,2.8115013591305082e+29,0.0,0.0,2.2748000564868545e+31
iter_0065,2.1525027839129837e+31,2.8309896487185644e+29,0.0,0.0,2.1808126804001695e+31
iter_0066,1.9883844199718423e+31,1.7175164721857696e+29,0.0,0.0,2.0055595846936998e+31
iter_0067,2.252736985046443e+31,1.6478007170925995e+29,0.0,0.0,2.2692149922173686e+31
iter_0068,2.103553967144461e+31,2.589921766969989e+29,0.0,0.0,2.1294531848141607e+31
iter_0069,2.1416028557526996e+31,4.509043573757535e+29,0.0,0.0,2.186693291490275e+31
iter_0070,2.2210631055086143e+31,1.6280789099783406e+29,0.0,0.0,2.237343894608398e+31
iter_0071,2.0080340322290318e+31,2.6267184059532177e+29,0.0,0.0,2.0343012162885637e+31
iter_0072,2.054622975781293e+31,2.191932798692469e+29,0.0,0.0,2.076542303768218e+31
iter_0073,2.195771646238315e+31,3.7628201347444756e+29,0.0,0.0,2.23339984758576e+31
iter_0074,2.1163031976658477e+31,2.6366257673903488e+29,0.0,0.0,2.142669455339751e+31
iter_0075,2.302250217512182e+31,2.808692980858722e+29,0.0,0.0,2.330337147320769e+31
iter_0076,2.1646735020098936e+31,1.5281167859792313e+29,0.0,0.0,2.1799546698696856e+31
iter_0077,2.235997767706984e+31,1.9524921145781656e+29,0.0,0.0,2.2555226888527654e+31
iter_0078,2.1074052672523506e+31,3.2080508458208576e+29,0.0,0.0,2.1394857757105594e+31
iter_0079,2.140176090451245e+31,2.506695968196623e+29,0.0,0.0,2.165243050133212e+31
iter_0080,2.021322912337815e+31,2.331929330782065e+29,0.0,0.0,2.0446422056456357e+31
iter_0081,2.1848546241254927e+31,2.798326077773173e+29,0.0,0.0,2.2128378849032246e+31
iter_0082,2.0267803153568132e+31,2.8196410755734105e+29,0.0,0.0,2.054976726112547e+31
iter_0083,2.0031499112555096e+31,2.596647418662345e+29,0.0,0.0,2.029116385442133e+31
iter_0084,2.1716370247639995e+31,2.4490924920394927e+29,0.0,0.0,2.1961279496843944e+31
iter_0085,2.0846027926258287e+31,3.0456723684975234e+29,0.0,0.0,2.1150595163108036e+31
iter_0086,2.122208110358718e+31,2.7307473446013644e+29,0.0,0.0,2.149515583804732e+31
iter_0087,2.045067900117689e+31,2.4983291761311732e+29,0.0,0.0,2.0700511918790003e+31
iter_0088,2.0255478490329482e+31,2.5060265678960668e+29,0.0,0.0,2.0506081147119094e+31
iter_0089,2.0716480775656776e+31,2.961656094572917e+29,0.0,0.0,2.1012646385114066e+31
iter_0090,1.907666834581848e+31,2.663912350219727e+29,0.0,0.0,1.934305958084045e+31
iter_0091,2.334234578285389e+31,2.8145475300668656e+29,0.0,0.0,2.3623800535860583e+31
iter_0092,2.0315099763561445e+31,3.2685803510545386e+29,0.0,0.0,2.0641957798666897e+31
iter_0093,2.040030642891319e+31,3.36800036441299e+29,0.0,0.0,2.073710646535449e+31
iter_0094,2.244726610075151e+31,2.1538103508716134e+29,0.0,0.0,2.266264713583867e+31
iter_0095,2.1848033825491254e+31,3.392030802413348e+29,0.0,0.0,2.218723690573259e+31
iter_0096,2.1259368914110032e+31,3.219011584547823e+29,0.0,0.0,2.1581270072564815e+31
iter_0097,2.035251725142613e+31,1.4135303695868207e+29,0.0,0.0,2.0493870288384816e+31
iter_0098,2.058598682922693e+31,2.4673064365771285e+29,0.0,0.0,2.083271747288464e+31
iter_0099,2.0841733811822807e+31,4.565173351388607e+29,0.0,0.0,2.129825114696167e+31
iter_0100,2.131123073465909e+31,2.0800975403938075e+29,0.0,0.0,2.1519240488698473e+31
iter_0101,1.9240743498648888e+31,2.5972298749313327e+29,0.0,0.0,1.950046648614202e+31
iter_0102,2.1902616898390945e+31,3.0194108984089894e+29,0.0,0.0,2.2204557988231845e+31
iter_0103,2.1283786795448426e+31,3.4699624074446246e+29,0.0,0.0,2.1630783036192892e+31
iter_0104,2.205268360601647e+31,2.9790146665069813e+29,0.0,0.0,2.2350585072667175e+31
iter_0105,2.2026500888392996e+31,2.657632060631327e+29,0.0,0.0,2.229226409445613e+31
iter_0106,1.9279758942223905e+31,2.1954025505746014e+29,0.0,0.0,1.9499299197281366e+31
iter_0107,2.2430564955915484e+31,3.427890265454263e+29,0.0,0.0,2.277335398246091e+31
iter_0108,2.1615614721759236e+31,2.502731229822995e+29,0.0,0.0,2.1865887844741533e+31
iter_0109,2.3035963589976113e+31,3.749476718721943e+29,0.0,0.0,2.341091126184831e+31
iter_0110,2.1028834510976316e+31,3.345720080883067e+29,0.0,0.0,2.136340651906462e+31
iter_0111,2.092897013435758e+31,2.1774313675698422e+29,0.0,0.0,2.1146713271114565e+31
iter_0112,2.0231853998822598e+31,3.751323552785009e+29,0.0,0.0,2.0606986354101095e+31
iter_0113,1.9995843322976697e+31,2.9185232938449577e+29,0.0,0.0,2.028769565236119e+31
iter_0114,2.309979581049935e+31,4.185574110305024e+29,0.0,0.0,2.351835322152985e+31
iter_0115,2.1710781292263736e+31,2.727025568542471e+29,0.0,0.0,2.1983483849117983e+31
iter_0116,2.1098638050253733e+31,3.0056594229476517e+29,0.0,0.0,2.13992039925485e+31
iter_0117,2.3017687826598705e+31,2.5863132390525228e+29,0.0,0.0,2.327631915050396e+31
iter_0118,2.1373227697514835e+31,3.472752981668742e+29,0.0,0.0,2.172050299568171e+31
iter_0119,2.229021997542576e+31,3.389911317642131e+29,0.0,0.0,2.2629211107189974e+31
iter_0120,2.2157301379912045e+31,2.5169591896083264e+29,0.0,0.0,2.240899729887288e+31
iter_0121,2.1599576664032364e+31,3.177205074311596e+29,0.0,0.0,2.1917297171463522e+31
iter_0122,2.1477566264363735e+31,3.5869508019679675e+29,0.0,0.0,2.183626134456053e+31
iter_0123,2.1756299532035292e+31,3.0970533794552546e+29,0.0,0.0,2.206600486998082e+31
iter_0124,2.1242550297407443e+31,2.3507624401400037e+29,0.0,0.0,2.1477626541421444e+31
iter_0125,2.3134526179733577e+31,2.859064278422862e+29,0.0,0.0,2.3420432607575857e+31
iter_0126,2.0791696887717634e+31,3.0396318076710425e+29,0.0,0.0,2.1095660068484735e+31
iter_0127,2.229898177841758e+31,3.0579082142180356e+29,0.0,0.0,2.260477259983939e+31
iter_0128,2.1692181993781666e+31,2.8926035435026315e+29,0.0,0.0,2.1981442348131926e+31
iter_0129,2.0786605337505073e+31,2.4912958079574592e+29,0.0,0.0,2.1035734918300814e+31
iter_0130,2.080475237167969e+31,2.2526488831800577e+29,0.0,0.0,2.1030017259997697e+31
iter_0131,2.2091906468336073e+31,1.9945208136425867e+29,0.0,0.0,2.229135854970033e+31
iter_0132,2.0668471981922733e+31,4.1600294822644254e+29,0.0,0.0,2.1084474930149177e+31
iter_0133,2.108757685409073e+31,3.2620178187285395e+29,0.0,0.0,2.1413778635963585e+31
iter_0134,2.1396790595293e+31,2.545059712356027e+29,0.0,0.0,2.16512965665286e+31
iter_0135,2.1015560681481368e+31,2.497072409244167e+29,0.0,0.0,2.1265267922405777e+31
iter_0136,2.1525342603041753e+31,4.021240250921145e+29,0.0,0.0,2.192746662813387e+31
iter_0137,2.210349133972125e+31,3.338986337479997e+29,0.0,0.0,2.2437389973469244e+31
iter_0138,2.10308054876508e+31,3.1637555309286592e+29,0.0,0.0,2.134718104074366e+31
iter_0139,2.157599832027004e+31,2.765790561125631e+29,0.0,0.0,2.1852577376382606e+31
iter_0140,2.0461835240388115e+31,3.449307980462888e+29,0.0,0.0,2.0806766038434404e+31
iter_0141,2.1634908648560296e+31,3.3023042624319126e+29,0.0,0.0,2.1965139074803487e+31
iter_0142,2.0880711365654426e+31,2.852862118907669e+29,0.0,0.0,2.1165997577545193e+31
iter_0143,2.0657269878620016e+31,2.848088347162001e+29,0.0,0.0,2.0942078713336216e+31
iter_0144,2.119135352076933e+31,3.224258625099962e+29,0.0,0.0,2.1513779383279328e+31
iter_0145,1.9839331820822351e+31,1.8369274972663693e+29,0.0,0.0,2.0023024570548987e+31
iter_0146,2.1381820182445437e+31,3.3985784771826066e+29,0.0,0.0,2.1721678030163695e+31
iter_0147,2.1322987517205466e+31,4.142793523043121e+29,0.0,0.0,2.1737266869509775e+31
iter_0148,2.036119428203954e+31,2.9729853865006498e+29,0.0,0.0,2.0658492820689605e+31
iter_0149,2.049794681544017e+31,4.0433579776453634e+29,0.0,0.0,2.0902282613204706e+31
iter_0150,2.141241307744833e+31,2.583462910755595e+29,0.0,0.0,2.167075936852389e+31
iter_0151,2.0783669546243835e+31,3.3124432661928184e+29,0.0,0.0,2.1114913872863114e+31
iter_0152,2.0502723179987333e+31,1.7846600762709407e+29,0.0,0.0,2.068118918761443e+31
iter_0153,2.1772666861619576e+31,3.031048892385324e+29,0.0,0.0,2.207577175085811e+31
iter_0154,2.2843099858728404e+31,3.392153438931835e+29,0.0,0.0,2.318231520262159e+31
iter_0155,2.0601842681002563e+31,3.6892790390528865e+29,0.0,0.0,2.0970770584907853e+31
iter_0156,2.178164668083036e+31,2.3556606072306783e+29,0.0,0.0,2.2017212741553426e+31
iter_0157,2.0742554765822386e+31,3.263555618751747e+29,0.0,0.0,2.1068910327697557e+31
iter_0158,2.222565234990836e+31,2.57982209881794e+29,0.0,0.0,2.2483634559790154e+31
iter_0159,2.210830986334296e+31,1.9413641186107874e+29,0.0,0.0,2.230244627520404e+31
iter_0160,2.1222315724872083e+31,2.809353591051117e+29,0.0,0.0,2.1503251083977197e+31
iter_0161,2.1371164868921707e+31,2.4606922610198416e+29,0.0,0.0,2.161723409502369e+31
iter_0162,2.0862650999834523e+31,3.336712046775342e+29,0.0,0.0,2.1196322204512055e+31
iter_0163,2.110916730742234e+31,1.3363647262911728e+29,0.0,0.0,2.1242803780051455e+31
iter_0164,2.125259485479332e+31,2.771561669066976e+29,0.0,0.0,2.152975102170002e+31
iter_0165,2.0965930796604387e+31,2.5133542688014296e+29,0.0,0.0,2.1217266223484532e+31
iter_0166,2.168453268567488e+31,3.0071545085292193e+29,0.0,0.0,2.198524813652781e+31
iter_0167,1.9967688456568634e+31,1.7712347157795564e+29,0.0,0.0,2.014481192814659e+31
iter_0168,2.10577966405511e+31,3.055380120383422e+29,0.0,0.0,2.1363334652589444e+31
iter_0169,2.2192103573802183e+31,3.1365942676051693e+29,0.0,0.0,2.25057630005627e+31
iter_0170,2.1723115554902618e+31,1.9828713720553023e+29,0.0,0.0,2.192140269210815e+31
iter_0171,2.097835389549325e+31,2.5644484485399622e+29,0.0,0.0,2.1234798740347243e+31
iter_0172,2.1549638374494184e+31,2.9908661300584498e+29,0.0,0.0,2.184872498750003e+31
iter_0173,2.0917762906494514e+31,1.4760926479840427e+29,0.0,0.0,2.106537217129292e+31
iter_0174,2.0787219088788677e+31,2.173351914240726e+29,0.0,0.0,2.1004554280212753e+31
iter_0175,2.147686429625227e+31,3.0238206803527726e+29,0.0,0.0,2.1779246364287543e+31
iter_0176,2.2753464751717104e+31,3.6911323923568884e+29,0.0,0.0,2.312257799095279e+31
iter_0177,2.1554161115333306e+31,2.7012021058059735e+29,0.0,0.0,2.1824281325913907e+31
iter_0178,2.1176980925105668e+31,2.4167483832872443e+29,0.0,0.0,2.14186557634344e+31
iter_0179,2.0666354914925727e+31,2.956235401489013e+29,0.0,0.0,2.096197845507463e+31
iter_0180,2.184581716271507e+31,3.7134579801984534e+29,0.0,0.0,2.2217162960734915e+31
iter_0181,2.1335138190230636e+31,2.855137744015704e+29,0.0,0.0,2.1620651964632205e+31
iter_0182,2.2980906394624686e+31,3.107594506351807e+29,0.0,0.0,2.3291665845259864e+31
iter_0183,2.0341885328288704e+31,2.5476182751618464e+29,0.0,0.0,2.0596647155804887e+31
iter_0184,2.127923301938606e+31,3.349347061355338e+29,0.0,0.0,2.161416772552159e+31
iter_0185,2.1930077522819e+31,3.0434632455653776e+29,0.0,0.0,2.223442384737554e+31
iter_0186,1.9727224798339416e+31,3.277550756174563e+29,0.0,0.0,2.005497987395687e+31
iter_0187,2.0790677411036926e+31,2.7620248010714597e+29,0.0,0.0,2.106687989114407e+31
iter_0188,2.147325409153665e+31,2.6955720863386956e+29,0.0,0.0,2.1742811300170523e+31
iter_0189,2.225683392526423e+31,3.0375596874118083e+29,0.0,0.0,2.2560589894005414e+31
iter_0190,1.944209008700518e+31,3.848272789145706e+29,0.0,0.0,1.9826917365919753e+31
iter_0191,2.2415344031448546e+31,3.947116728856731e+29,0.0,0.0,2.2810055704334217e+31
iter_0192,2.1826041060395886e+31,2.413825650847958e+29,0.0,0.0,2.206742362548068e+31
iter_0193,2.082342045708227e+31,2.9274410914433e+29,0.0,0.0,2.1116164566226598e+31
iter_0194,2.0640247512525753e+31,3.374521920300752e+29,0.0,0.0,2.097769970455583e+31
iter_0195,2.0176590351445574e+31,3.8298705818851566e+29,0.0,0.0,2.055957740963409e+31
iter_0196,2.1375250797839536e+31,3.864104960716629e+29,0.0,0.0,2.17616612939112e+31
iter_0197,2.0696271375238472e+31,2.8171962620805202e+29,0.0,0.0,2.0977991001446527e+31
iter_0198,2.0392128349527466e+31,2.7526527495643695e+29,0.0,0.0,2.0667393624483907e+31
iter_0199,2.115721855115424e+31,2.8080199589342937e+29,0.0,0.0,2.1438020547047673e+31
iter_0200,2.2116035670951772e+31,2.458417710185544e+29,0.0,0.0,2.2361877441970323e+31
iter_0201,2.226319951264226e+31,2.7826873433974944e+29,0.0,0.0,2.2541468246982012e+31
iter_0202,2.20890198556751e+31,1.8204754661988698e+29,0.0,0.0,2.227106740229499e+31
iter_0203,2.066637425887799e+31,2.9342858369865907e+29,0.0,0.0,2.095980284257665e+31
iter_0204,2.1251787155125047e+31,2.559367201480821e+29,0.0,0.0,2.1507723875273123e+31
iter_0205,1.989408038438743e+31,3.626709836634274e+29,0.0,0.0,2.025675136805086e+31
iter_0206,2.212977965191818e+31,2.270130149229149e+29,0.0,0.0,2.2356792666841095e+31
iter_0207,2.2014534141350117e+31,2.6381209458532917e+29,0.0,0.0,2.2278346235935444e+31
iter_0208,2.0117519212575363e+31,1.8117180859164238e+29,0.0,0.0,2.0298691021167005e+31
iter_0209,2.1475760471788836e+31,2.2637921440837667e+29,0.0,0.0,2.1702139686197217e+31
iter_0210,2.0963072458794584e+31,3.0626422566384294e+29,0.0,0.0,2.1269336684458424e+31
iter_0211,2.100865159942542e+31,3.59542041881518e+29,0.0,0.0,2.1368193641306933e+31
iter_0212,2.1653349468720743e+31,3.6339919938763444e+29,0.0,0.0,2.201674866810838e+31
iter_0213,2.23671115618549e+31,3.5182153993114416e+29,0.0,0.0,2.2718933101786047e+31
iter_0214,2.1176808599783767e+31,2.3981792935803474e+29,0.0,0.0,2.1416626529141802e+31
iter_0215,2.246358801990146e+31,2.4124866265657617e+29,0.0,0.0,2.270483668255804e+31
iter_0216,1.9602106938309664e+31,2.6868899147072223e+29,0.0,0.0,1.9870795929780388e+31
iter_0217,2.0105935911794811e+31,2.394294608228519e+29,0.0,0.0,2.0345365372617666e+31
iter_0218,2.0859120180307254e+31,3.449757173262294e+29,0.0,0.0,2.1204095897633484e+31
iter_0219,2.129130180442383e+31,2.7328742644126504e+29,0.0,0.0,2.156458923086509e+31
iter_0220,1.9996586321028232e+31,2.3822537352890463e+29,0.0,0.0,2.0234811694557138e+31
iter_0221,2.0055519949272742e+31,3.526159418725855e+29,0.0,0.0,2.0408135891145328e+31
iter_0222,2.132776869699787e+31,1.9686992741429843e+29,0.0,0.0,2.152463862441217e+31
iter_0223,2.0106861962447604e+31,3.936104457871041e+29,0.0,0.0,2.050047240823471e+31
iter_0224,2.1688234918483395e+31,2.968934000728903e+29,0.0,0.0,2.198512831855629e+31
iter_0225,2.096154501595289e+31,3.581846847879495e+29,0.0,0.0,2.131972970074084e+31
iter_0226,2.227073122275985e+31,3.564472433338026e+29,0.0,0.0,2.262717846609365e+31
iter_0227,2.076909637534312e+31,1.905362837242904e+29,0.0,0.0,2.095963265906741e+31
iter_0228,2.1342776415290604e+31,2.4509073361371704e+29,0.0,0.0,2.158786714890432e+31
iter_0229,1.9718570261407333e+31,1.8955585298257917e+29,0.0,0.0,1.9908126114389911e+31
iter_0230,2.0082952683187622e+31,3.264521731895793e+29,0.0,0.0,2.0409404856377197e+31
iter_0231,2.056945451442478e+31,4.583882726791352e+29,0.0,0.0,2.1027842787103915e+31
iter_0232,2.061415346280626e+31,2.2908685945972086e+29,0.0,0.0,2.084324032226598e+31
iter_0233,2.1428078471253116e+31,2.9217328888536905e+29,0.0,0.0,2.1720251760138486e+31
iter_0234,2.215285823526287e+31,4.0997806338167964e+29,0.0,0.0,2.2562836298644546e+31
iter_0235,2.14797483897314e+31,2.7238156608288486e+29,0.0,0.0,2.1752129955814287e+31
iter_0236,2.133895017083812e+31,2.272810035681355e+29,0.0,0.0,2.1566231174406256e+31
iter_0237,2.1901581775195614e+31,2.860184688454378e+29,0.0,0.0,2.218760024404105e+31
iter_0238,2.1887342907217095e+31,2.1624919019269154e+29,0.0,0.0,2.2103592097409786e+31
iter_0239,2.1184410265645768e+31,3.1414359328556057e+29,0.0,0.0,2.149855385893133e+31
iter_0240,2.143898956214589e+31,1.9122656434624633e+29,0.0,0.0,2.163021612649214e+31
iter_0241,2.1745775469825954e+31,2.6777321733351267e+29,0.0,0.0,2.201354868715947e+31
iter_0242,2.1124394099225884e+31,2.7789200201538397e+29,0.0,0.0,2.1402286101241264e+31
iter_0243,2.2811574115751287e+31,3.216460800432996e+29,0.0,0.0,2.3133220195794585e+31
iter_0244,2.1200988388669873e+31,2.7043964563680097e+29,0.0,0.0,2.1471428034306674e+31
iter_0245,2.2585411051728884e+31,2.4447446569926968e+29,0.0,0.0,2.282988551742815e+31
iter_0246,2.203100209634139e+31,2.1738828572328855e+29,0.0,0.0,2.224839038206468e+31
iter_0247,2.104984339539322e+31,2.581225463671566e+29,0.0,0.0,2.130796594176038e+31
iter_0248,2.1276883636024213e+31,2.4003871153867097e+29,0.0,0.0,2.1516922347562885e+31
iter_0249,2.0220347213741151e+31,4.154140651296033e+29,0.0,0.0,2.0635761278870757e+31
iter_0250,2.103888776185712e+31,2.455977875785763e+29,0.0,0.0,2.128448554943569e+31
iter_0251,2.0472742720652388e+31,3.8424028245114024e+29,0.0,0.0,2.085698300310353e+31
iter_0252,2.0579381633990523e+31,2.3554198464487775e+29,0.0,0.0,2.08149236186354e+31
iter_0253,1.9618416854337938e+31,3.549233781351565e+29,0.0,0.0,1.9973340232473093e+31
iter_0254,2.0408808218310437e+31,2.7945798982786508e+29,0.0,0.0,2.0688266208138303e+31
iter_0255,2.022412677851894e+31,2.415634006583744e+29,0.0,0.0,2.0465690179177314e+31
iter_0256,2.158908036735732e+31,2.3317290190035176e+29,0.0,0.0,2.182225326925767e+31
iter_0257,2.0467725265164666e+31,2.4019713446549716e+29,0.0,0.0,2.0707922399630164e+31
iter_0258,2.163871238137636e+31,2.7023090155861715e+29,0.0,0.0,2.190894328293497e+31
iter_0259,2.2302683014705162e+31,3.0974747576537625e+29,0.0,0.0,2.261243049047054e+31
iter_0260,2.1115027510573117e+31,3.179107218630185e+29,0.0,0.0,2.1432938232436133e+31
iter_0261,1.9496508838535702e+31,3.0593870415945022e+29,0.0,0.0,1.9802447542695152e+31
iter_0262,2.0338062243411795e+31,3.8687892893608455e+29,0.0,0.0,2.0724941172347884e+31
iter_0263,2.2355879271818277e+31,2.006249430295309e+29,0.0,0.0,2.2556504214847803e+31
iter_0264,2.049453703818601e+31,3.4043804920970295e+29,0.0,0.0,2.083497508739571e+31
iter_0265,2.1616344550707634e+31,2.8775892856222615e+29,0.0,0.0,2.190410347926986e+31
iter_0266,2.1612734434993457e+31,2.3345017075248635e+29,0.0,0.0,2.184618460574595e+31
iter_0267,2.0507938367275383e+31,2.500154895121843e+29,0.0,0.0,2.075795385678757e+31
iter_0268,2.2331694343945884e+31,3.127614166549589e+29,0.0,0.0,2.264445576060084e+31
iter_0269,2.0397888135802637e+31,2.8076197075414658e+29,0.0,0.0,2.0678650106556786e+31
iter_0270,2.352149541656088e+31,2.9665143030826034e+29,0.0,0.0,2.381814684686914e+31
iter_0271,1.9950865361762803e+31,3.0592861285396494e+29,0.0,0.0,2.025679397461677e+31
iter_0272,2.071539680102651e+31,4.112363933900048e+29,0.0,0.0,2.112663319441652e+31
iter_0273,2.1727091866895256e+31,2.9340714271864486e+29,0.0,0.0,2.20204990096139e+31
iter_0274,1.8974730284380957e+31,2.1939775852478243e+29,0.0,0.0,1.9194128042905743e+31
iter_0275,2.2516733031904225e+31,2.6820475875043232e+29,0.0,0.0,2.2784937790654652e+31
iter_0276,2.135436136818928e+31,3.1565877723403907e+29,0.0,0.0,2.1670020145423317e+31
iter_0277,2.164294733052279e+31,2.134824554094823e+29,0.0,0.0,2.1856429785932272e+31
iter_0278,2.09574835980686e+31,2.6352004135570947e+29,0.0,0.0,2.122100363942431e+31
iter_0279,2.0809747371972156e+31,3.711789642087133e+29,0.0,0.0,2.118092633618087e+31
iter_0280,1.9642952809235007e+31,2.201047542342664e+29,0.0,0.0,1.9863057563469274e+31
iter_0281,2.1081450281834574e+31,3.0276142707637445e+29,0.0,0.0,2.138421170891095e+31
iter_0282,2.1072769807225075e+31,2.4383320636605553e+29,0.0,0.0,2.131660301359113e+31
iter_0283,2.1777333319289447e+31,2.7201039014287688e+29,0.0,0.0,2.2049343709432325e+31
iter_0284,2.064700427498086e+31,2.977659020142425e+29,0.0,0.0,2.0944770176995104e+31
iter_0285,2.0981114228856917e+31,3.0036469286683463e+29,0.0,0.0,2.128147892172375e+31
iter_0286,2.0852268074294916e+31,2.6464083303106977e+29,0.0,0.0,2.1116908907325985e+31
iter_0287,2.0260803616255369e+31,3.3875189673583295e+29,0.0,0.0,2.05995555129912e+31
iter_0288,2.0575012797136016e+31,3.071181252260859e+29,0.0,0.0,2.08821309223621e+31
iter_0289,2.1128073656153992e+31,3.215588104710684e+29,0.0,0.0,2.144963246662506e+31
iter_0290,2.071537574386164e+31,2.6861580216711892e+29,0.0,0.0,2.0983991546028756e+31
iter_0291,2.115786169811528e+31,2.158694532230944e+29,0.0,0.0,2.137373115133837e+31
iter_0292,2.0365445377804355e+31,2.8242187746570567e+29,0.0,0.0,2.064786725527006e+31
iter_0293,2.1220209879181457e+31,3.319853335940741e+29,0.0,0.0,2.1552195212775527e+31
iter_0294,2.0689820985653927e+31,2.8047780956788393e+29,0.0,0.0,2.0970298795221815e+31
iter_0295,2.1688297870248518e+31,2.0670445342433845e+29,0.0,0.0,2.1895002323672857e+31
iter_0296,2.04905595760647e+31,2.4199342120156985e+29,0.0,0.0,2.0732552997266267e+31
iter_0297,2.1091984609032786e+31,3.614865592459737e+29,0.0,0.0,2.1453471168278764e+31
iter_0298,2.049541756925168e+31,2.949382798616148e+29,0.0,0.0,2.0790355849113293e+31
iter_0299,2.110477778911084e+31,2.384587062663649e+29,0.0,0.0,2.1343236495377204e+31
iter_0300,1.8764292057945623e+31,3.3094402060315385e+29,0.0,0.0,1.9095236078548776e+31
iter_0301,2.075581832177419e+31,2.5077871523962285e+29,0.0,0.0,2.100659703701381e+31
iter_0302,2.0949392647344976e+31,2.981101129953821e+29,0.0,0.0,2.124750276034036e+31
iter_0303,1.9695524369566868e+31,2.196108570116499e+29,0.0,0.0,1.9915135226578518e+31
iter_0304,2.1215095075707685e+31,3.9183166410153216e+29,0.0,0.0,2.1606926739809216e+31
iter_0305,2.086956953404748e+31,3.354349156148185e+29,0.0,0.0,2.12050044496623e+31
iter_0306,2.0264455245722785e+31,3.578515880399387e+29,0.0,0.0,2.0622306833762722e+31
iter_0307,2.077351587467305e+31,2.4997512393343356e+29,0.0,0.0,2.1023490998606485e+31
iter_0308,2.0136524256446446e+31,2.7994971153449866e+29,0.0,0.0,2.041647396798095e+31
iter_0309,2.0812200301673425e+31,3.202128964025519e+29,0.0,0.0,2.1132413198075974e+31
iter_0310,2.0926440339906177e+31,4.68420647620648e+29,0.0,0.0,2.1394860987526825e+31
iter_0311,2.256337292473604e+31,2.1058895900891224e+29,0.0,0.0,2.2773961883744954e+31
iter_0312,2.223241838529463e+31,2.942374368477892e+29,0.0,0.0,2.252665582214242e+31
iter_0313,2.055819343592178e+31,1.934141322957998e+29,0.0,0.0,2.075160756821759e+31
iter_0314,2.1866174851795163e+31,2.3018853093667745e+29,0.0,0.0,2.209636338273183e+31
iter_0315,2.0530918246211315e+31,2.352789147910917e+29,0.0,0.0,2.0766197161002406e+31
iter_0316,2.2833029046069925e+31,4.0328221406446174e+29,0.0,0.0,2.323631126013439e+31
iter_0317,2.163904652034858e+31,2.5972810640527746e+29,0.0,0.0,2.1898774626753856e+31
iter_0318,1.998118057068417e+31,2.7504322430898592e+29,0.0,0.0,2.0256223794993157e+31
iter_0319,2.2698852861000227e+31,2.3008436749160014e+29,0.0,0.0,2.2928937228491827e+31
iter_0320,2.165563133846294e+31,2.121473064032272e+29,0.0,0.0,2.1867778644866164e+31
iter_0321,2.004684130543543e+31,2.655024204742693e+29,0.0,0.0,2.03123437259097e+31
iter_0322,2.0150466325105803e+31,2.293422397133956e+29,0.0,0.0,2.0379808564819197e+31
iter_0323,2.1626345053256037e+31,1.8849045263403625e+29,0.0,0.0,2.181483550589008e+31
iter_0324,2.2588790303682447e+31,3.3453291791323335e+29,0.0,0.0,2.292332322159568e+31
iter_0325,2.0509441273000675e+31,1.7371162506767283e+29,0.0,0.0,2.0683152898068345e+31
iter_0326,2.1664882031475945e+31,2.193429405143549e+29,0.0,0.0,2.1884224971990307e+31
iter_0327,2.1518062493524605e+31,2.2213384503414038e+29,0.0,0.0,2.1740196338558746e+31
iter_0328,2.133404217470938e+31,2.8734918562164657e+29,0.0,0.0,2.1621391360331026e+31
iter_0329,2.166400155378867e+31,3.2482935004389996e+29,0.0,0.0,2.198883090383257e+31
iter_0330,2.0169872081367674e+31,2.9613318604073464e+29,0.0,0.0,2.046600526740841e+31
iter_0331,2.216527296626367e+31,2.3949503339647344e+29,0.0,0.0,2.240476799966014e+31
iter_0332,2.1035744591842212e+31,3.550218827530721e+29,0.0,0.0,2.139076647459528e+31
iter_0333,2.1834382900268913e+31,3.1025340376598774e+29,0.0,0.0,2.2144636304034905e+31
iter_0334,2.0719301413583406e+31,2.415486116871917e+29,0.0,0.0,2.09608500252706e+31
iter_0335,2.045372224144415e+31,2.8453143016373147e+29,0.0,0.0,2.0738253671607877e+31
iter_0336,2.0372755581698825e+31,3.701484823011139e+29,0.0,0.0,2.074290406399994e+31
iter_0337,2.14290124227933e+31,3.3717522585544485e+29,0.0,0.0,2.176618764864875e+31
iter_0338,2.0747626589837436e+31,2.1802280426449952e+29,0.0,0.0,2.0965649394101934e+31
iter_0339,2.2444657191151537e+31,1.7695333698881185e+29,0.0,0.0,2.2621610528140346e+31
iter_0340,2.1264646679151258e+31,1.8437421246196248e+29,0.0,0.0,2.144902089161322e+31
iter_0341,2.0359968888780127e+31,2.15725896000065e+29,0.0,0.0,2.0575694784780193e+31
iter_0342,2.1883429612157215e+31,2.91039011813394e+29,0.0,0.0,2.217446862397061e+31
iter_0343,2.109748942995991e+31,2.7505675069473346e+29,0.0,0.0,2.1372546180654643e+31
iter_0344,2.2471079724249294e+31,2.8647615535180554e+29,0.0,0.0,2.2757555879601097e+31
iter_0345,2.153810257882503e+31,3.110278093473632e+29,0.0,0.0,2.1849130388172398e+31
iter_0346,2.030331658337518e+31,2.69666065210246e+29,0.0,0.0,2.057298264858542e+31
iter_0347,2.176541714363378e+31,3.1610994578078903e+29,0.0,0.0,2.2081527089414567e+31
iter_0348,2.203504518790014e+31,3.78361581026518e+29,0.0,0.0,2.2413406768926657e+31
iter_0349,2.1126827591681935e+31,2.9790628847208215e+29,0.0,0.0,2.142473388015402e+31
iter_0350,2.2149475862248647e+31,1.6717416839179695e+29,0.0,0.0,2.231665003064044e+31
iter_0351,2.2125468253449137e+31,2.713711800579945e+29,0.0,0.0,2.239683943350713e+31
iter_0352,2.1372274667265595e+31,2.1795601720094495e+29,0.0,0.0,2.1590230684466535e+31
iter_0353,2.1496832268823435e+31,2.566514296798942e+29,0.0,0.0,2.1753483698503326e+31
iter_0354,2.222879082922981e+31,2.7224225562818373e+29,0.0,0.0,2.2501033084857995e+31
iter_0355,2.175494344083695e+31,3.412686758392677e+29,0.0,0.0,2.209621211667622e+31
iter_0356,2.1986358293098004e+31,2.308981043736971e+29,0.0,0.0,2.22172563974717e+31
iter_0357,2.0115934039184356e+31,4.4063870009491574e+29,0.0,0.0,2.055657273927927e+31
iter_0358,2.0511457824010947e+31,3.6722273216641605e+29,0.0,0.0,2.087868055617736e+31
iter_0359,2.119600474185759e+31,3.1104467001873264e+29,0.0,0.0,2.1507049411876327e+31
iter_0360,1.9941187827356552e+31,2.642684909048403e+29,0.0,0.0,2.0205456318261395e+31
iter_0361,2.176675399698842e+31,4.060292523192502e+29,0.0,0.0,2.2172783249307668e+31
iter_0362,2.0327684856209535e+31,2.7431928637707612e+29,0.0,0.0,2.0602004142586614e+31
iter_0363,2.1299897949473046e+31,3.748420660562012e+29,0.0,0.0,2.167474001552925e+31
iter_0364,1.9917863266374005e+31,3.677437382325397e+29,0.0,0.0,2.028560700460654e+31
iter_0365,2.0949720621390478e+31,2.7780574394133352e+29,0.0,0.0,2.122752636533181e+31
iter_0366,2.175266300990256e+31,2.4111018121984736e+29,0.0,0.0,2.199377319112241e+31
iter_0367,2.146822536713728e+31,2.212644977554611e+29,0.0,0.0,2.1689489864892735e+31
iter_0368,2.1552485492836607e+31,2.9093673024559584e+29,0.0,0.0,2.18434222230822e+31
iter_0369,1.9731809077797078e+31,3.399055381658278e+29,0.0,0.0,2.0071714615962906e+31
iter_0370,2.1394994951126675e+31,3.144847186027298e+29,0.0,0.0,2.1709479669729405e+31
iter_0371,2.1035229080105795e+31,3.0518053446793115e+29,0.0,0.0,2.1340409614573723e+31
iter_0372,2.137905644606641e+31,1.5605285525320739e+29,0.0,0.0,2.153510930131962e+31
iter_0373,1.9078199291859861e+31,2.2607166224794866e+29,0.0,0.0,1.9304270954107813e+31
iter_0374,2.238103392633411e+31,3.143795631404771e+29,0.0,0.0,2.2695413489474583e+31
iter_0375,2.1132789322757333e+31,3.661172991702924e+29,0.0,0.0,2.1498906621927625e+31
iter_0376,2.169847860355454e+31,2.1320499737012967e+29,0.0,0.0,2.191168360092467e+31
iter_0377,2.1639327980559253e+31,3.39973994060278e+29,0.0,0.0,2.197930197461953e+31
iter_0378,2.0709771551568576e+31,2.578200734992333e+29,0.0,0.0,2.0967591625067805e+31
iter_0379,2.1413983574933903e+31,3.1056012316442947e+29,0.0,0.0,2.1724543698098338e+31
iter_0380,2.071750164545111e+31,2.8133461302134362e+29,0.0,0.0,2.099883625847245e+31
iter_0381,2.121985161622276e+31,2.736209303737751e+29,0.0,0.0,2.1493472546596534e+31
iter_0382,2.144032955576888e+31,1.8728056631589162e+29,0.0,0.0,2.162761012208477e+31
iter_0383,2.1772001954336817e+31,2.318607647377877e+29,0.0,0.0,2.2003862719074606e+31
iter_0384,2.198031152899993e+31,2.846833403769111e+29,0.0,0.0,2.2264994869376842e+31
iter_0385,2.0502674159951676e+31,2.8994600889847693e+29,0.0,0.0,2.0792620168850153e+31
iter_0386,2.286515222386982e+31,3.1301180675325055e+29,0.0,0.0,2.3178164030623066e+31
iter_0387,2.0832323889487327e+31,2.0646677818075737e+29,0.0,0.0,2.1038790667668082e+31
iter_0388,2.2202835862366323e+31,2.4266470311135088e+29,0.0,0.0,2.244550056547767e+31
iter_0389,2.1162077425153704e+31,2.5184629519610757e+29,0.0,0.0,2.1413923720349814e+31
iter_0390,2.0337900657496595e+31,3.526992084917406e+29,0.0,0.0,2.0690599865988337e+31
iter_0391,2.1637537034451937e+31,3.572675858001474e+29,0.0,0.0,2.1994804620252087e+31
iter_0392,2.0498181690217674e+31,2.9937735240528146e+29,0.0,0.0,2.0797559042622953e+31
iter_0393,2.18259840653864e+31,2.0155063548174203e+29,0.0,0.0,2.2027534700868145e+31
iter_0394,2.0238679783381208e+31,2.427443400208905e+29,0.0,0.0,2.04814241234021e+31
iter_0395,2.07029889760957e+31,4.220434497130908e+29,0.0,0.0,2.1125032425808788e+31
iter_0396,2.0815514175181567e+31,2.5970868785462616e+29,0.0,0.0,2.10752228630362e+31
iter_0397,1.9288924689405007e+31,2.2823703449779673e+29,0.0,0.0,1.9517161723902804e+31
iter_0398,1.9723054568917192e+31,3.5023569584693774e+29,0.0,0.0,2.0073290264764128e+31
iter_0399,2.1580485550484277e+31,2.1681525533469135e+29,0.0,0.0,2.179730080581897e+31
iter_0400,2.2305744695574155e+31,3.69200356872987e+29,0.0,0.0,2.2674945052447147e+31
iter_0401,2.09892763498885e+31,3.415205959761928e+29,0.0,0.0,2.133079694586469e+31
iter_0402,2.159953995900072e+31,2.111032835499919e+29,0.0,0.0,2.181064324255071e+31
iter_0403,2.1253830365926084e+31,3.462746703197548e+29,0.0,0.0,2.1600105036245837e+31
iter_0404,2.1211663216397096e+31,2.8521915418612896e+29,0.0,0.0,2.149688237058322e+31
iter_0405,2.204218949653444e+31,2.9229921820405462e+29,0.0,0.0,2.2334488714738493e+31
iter_0406,2.1077623926550073e+31,2.1797692148464434e+29,0.0,0.0,2.1295600848034715e+31
iter_0407,2.262548799630409e+31,3.230959372002855e+29,0.0,0.0,2.2948583933504375e+31
iter_0408,2.0065817497054545e+31,3.077578557813567e+29,0.0,0.0,2.03735753528359e+31
iter_0409,2.032179229047942e+31,2.6816236024648073e+29,0.0,0.0,2.0589954650725902e+31
iter_0410,2.170743230019812e+31,2.1912601382203176e+29,0.0,0.0,2.192655831402015e+31
iter_0411,2.1169655085155266e+31,3.045110790731777e+29,0.0,0.0,2.1474166164228445e+31
iter_0412,2.034360082224959e+31,3.1284077205708038e+29,0.0,0.0,2.065644159430667e+31
iter_0413,2.040943448181132e+31,3.648482292163192e+29,0.0,0.0,2.0774282711027637e+31
iter_0414,2.16299122377351e+31,3.0395980615018806e+29,0.0,0.0,2.193387204388529e+31
iter_0415,2.14899338372391e+31,3.178447884670314e+29,0.0,0.0,2.1807778625706135e+31
iter_0416,2.1024920749823387e+31,2.232683716798933e+29,0.0,0.0,2.124818912150328e+31
iter_0417,2.1915663867229373e+31,4.0156946476660165e+29,0.0,0.0,2.2317233331995973e+31
iter_0418,2.1173981053700493e+31,3.3694713684581494e+29,0.0,0.0,2.1510928190546306e+31
iter_0419,2.226387465467819e+31,2.7800832191815194e+29,0.0,0.0,2.2541882976596344e+31
iter_0420,2.1032929454073163e+31,3.006894259844573e+29,0.0,0.0,2.133361888005762e+31
iter_0421,2.1387104539683273e+31,2.785737574036049e+29,0.0,0.0,2.166567829708688e+31
iter_0422,2.2816738040291837e+31,3.634380925947058e+29,0.0,0.0,2.318017613288654e+31
iter_0423,2.100733976847744e+31,2.841829405773032e+29,0.0,0.0,2.129152270905474e+31
iter_0424,2.099126794974363e+31,2.8867622944800592e+29,0.0,0.0,2.1279944179191634e+31
iter_0425,2.214109666471002e+31,3.279950049554488e+29,0.0,0.0,2.246909166966547e+31
iter_0426,2.157295374876827e+31,2.6036760534625653e+29,0.0,0.0,2.183332135411453e+31
iter_0427,2.0209917131022166e+31,3.388849176791717e+29,0.0,0.0,2.0548802048701336e+31
iter_0428,2.253439835619788e+31,2.4487408662909904e+29,0.0,0.0,2.2779272442826973e+31
iter_0429,2.1101839534967307e+31,2.9029539740329034e+29,0.0,0.0,2.13921349323706e+31
iter_0430,2.129488642364539e+31,3.2953503394301605e+29,0.0,0.0,2.162442145758841e+31
iter_0431,2.1841347210740965e+31,3.5655613012320106e+29,0.0,0.0,2.219790334086417e+31
iter_0432,2.0481890388673517e+31,2.352880394173706e+29,0.0,0.0,2.0717178428090886e+31
iter_0433,2.098258494972366e+31,2.038737055970041e+29,0.0,0.0,2.118645865532066e+31
iter_0434,2.080179715677669e+31,2.6078804237447046e+29,0.0,0.0,2.106258519915117e+31
iter_0435,2.138941090203596e+31,2.7481913303387463e+29,0.0,0.0,2.166423003506983e+31
iter_0436,2.248963861402596e+31,3.1798462184856155e+29,0.0,0.0,2.280762323587452e+31
iter_0437,2.1378626020135043e+31,1.927974570494016e+29,0.0,0.0,2.157142347718445e+31
iter_0438,2.0277280263155807e+31,4.04158810821691e+29,0.0,0.0,2.06814390739775e+31
iter_0439,2.1387168658382175e+31,3.444346647180245e+29,0.0,0.0,2.17316033231002e+31
iter_0440,2.0304288370655373e+31,3.179024110138627e+29,0.0,0.0,2.0622190781669236e+31
iter_0441,2.085573212195443e+31,2.557156915320054e+29,0.0,0.0,2.1111447813486437e+31
iter_0442,2.1799208850601618e+31,3.1646434353580822e+29,0.0,0.0,2.2115673194137426e+31
iter_0443,2.066405155385525e+31,3.4332188216272076e+29,0.0,0.0,2.100737343601797e+31
iter_0444,1.989682824438014e+31,2.3635810417308923e+29,0.0,0.0,2.0133186348553227e+31
iter_0445,1.995499536704583e+31,2.4539831616854213e+29,0.0,0.0,2.0200393683214373e+31
iter_0446,2.1872200949503877e+31,3.0041027153336582e+29,0.0,0.0,2.217261122103724e+31
iter_0447,2.0220516889181972e+31,3.4095448774879625e+29,0.0,0.0,2.056147137693077e+31
iter_0448,2.0877695596783068e+31,2.4150909309878707e+29,0.0,0.0,2.1119204689881856e+31
iter_0449,2.1134653993711873e+31,2.9757987647901038e+29,0.0,0.0,2.1432233870190886e+31
iter_0450,2.1533456138543105e+31,1.7615492214667484e+29,0.0,0.0,2.170961106068978e+31
iter_0451,2.2924782446771643e+31,3.2393417209256094e+29,0.0,0.0,2.3248716618864205e+31
iter_0452,2.0657096613149784e+31,2.8409625866754905e+29,0.0,0.0,2.0941192871817335e+31
iter_0453,1.983002464105173e+31,2.2143423945776814e+29,0.0,0.0,2.0051458880509496e+31
iter_0454,2.151059913170364e+31,3.242150274764674e+29,0.0,0.0,2.18348141591801e+31
iter_0455,2.0686431680277824e+31,2.5230696559747174e+29,0.0,0.0,2.09387386458753e+31
iter_0456,2.3110195473118264e+31,2.928730602166342e+29,0.0,0.0,2.340306853333489e+31
iter_0457,2.13700417975246e+31,2.3459562711801894e+29,0.0,0.0,2.160463742464262e+31
iter_0458,2.101275871858885e+31,3.599693330394915e+29,0.0,0.0,2.1372728051628345e+31
iter_0459,2.0748310826826424e+31,2.857767141971721e+29,0.0,0.0,2.1034087541023598e+31
iter_0460,1.9280836651003255e+31,3.0590832783910158e+29,0.0,0.0,1.958674497884236e+31
iter_0461,2.1518033846962897e+31,2.9761205596272717e+29,0.0,0.0,2.1815645902925624e+31
iter_0462,2.3384778187250365e+31,2.6423235595347068e+29,0.0,0.0,2.3649010543203832e+31
iter_0463,2.066046864152917e+31,3.674169982020866e+29,0.0,0.0,2.1027885639731256e+31
iter_0464,2.1208307052191243e+31,2.7736038997275965e+29,0.0,0.0,2.1485667442164003e+31
iter_0465,2.156409390283743e+31,4.2656012367286645e+29,0.0,0.0,2.1990654026510298e+31
iter_0466,2.0193943385911419e+31,2.8130607902360883e+29,0.0,0.0,2.0475249464935033e+31
iter_0467,2.211019199684996e+31,2.0267251333225567e+29,0.0,0.0,2.2312864510182214e+31
iter_0468,2.0956020314160105e+31,2.1539501812473828e+29,0.0,0.0,2.117141533228484e+31
iter_0469,2.0995724708700993e+31,4.1736477505194625e+29,0.0,0.0,2.141308948375294e+31
iter_0470,2.115943487286376e+31,3.1625843950780216e+29,0.0,0.0,2.147569331237157e+31
iter_0471,2.0706362252964033e+31,3.0494666721092178e+29,0.0,0.0,2.1011308920174955e+31
iter_0472,2.265056661026493e+31,2.8539305095849835e+29,0.0,0.0,2.293595966122343e+31
iter_0473,2.047797481368339e+31,2.5608812436676278e+29,0.0,0.0,2.0734062938050152e+31
iter_0474,2.313427993398455e+31,2.8710972099746667e+29,0.0,0.0,2.3421389654982016e+31
iter_0475,2.093708986459427e+31,3.276675858578581e+29,0.0,0.0,2.126475745045213e+31
iter_0476,2.0693569741080103e+31,3.064775757740553e+29,0.0,0.0,2.1000047316854157e+31
iter_0477,1.9110562617767907e+31,2.838637408158033e+29,0.0,0.0,1.9394426358583708e+31
iter_0478,2.2930702196735997e+31,3.6333697394020305e+29,0.0,0.0,2.3294039170676206e+31
iter_0479,2.0726273109334427e+31,2.938504382183227e+29,0.0,0.0,2.102012354755275e+31
iter_0480,2.112994361758937e+31,3.0084529920236973e+29,0.0,0.0,2.1430788916791733e+31
iter_0481,2.047450592376592e+31,3.099668830424292e+29,0.0,0.0,2.0784472806808347e+31
iter_0482,2.232089672666521e+31,2.0609207297382617e+29,0.0,0.0,2.2526988799639036e+31
iter_0483,2.130980702333202e+31,3.27119964662866e+29,0.0,0.0,2.1636926987994886e+31
iter_0484,2.1059489490557874e+31,2.542711081706118e+29,0.0,0.0,2.131376059872849e+31
iter_0485,2.177918160843127e+31,3.0086339289054726e+29,0.0,0.0,2.2080045001321816e+31
iter_0486,2.0904697033927047e+31,2.6823907617491044e+29,0.0,0.0,2.1172936110101956e+31
iter_0487,2.2273801632821116e+31,2.8430169239657124e+29,0.0,0.0,2.2558103325217685e+31
iter_0488,2.082294953573871e+31,2.2939704093792932e+29,0.0,0.0,2.105234657667664e+31
iter_0489,2.1698797872512446e+31,2.9075577192712045e+29,0.0,0.0,2.1989553644439567e+31
iter_0490,2.222569394390451e+31,2.312515293275444e+29,0.0,0.0,2.2456945473232055e+31
iter_0491,2.1141575532152813e+31,2.228337048238708e+29,0.0,0.0,2.1364409236976687e+31
iter_0492,1.9976890933544093e+31,2.0309336989210908e+29,0.0,0.0,2.0179984303436204e+31
iter_0493,2.259143975993874e+31,3.0188173514768614e+29,0.0,0.0,2.2893321495086433e+31
iter_0494,2.1203255023490953e+31,3.2877370063933135e+29,0.0,0.0,2.153202872413028e+31
iter_0495,2.1732646311010583e+31,2.311820710451501e+29,0.0,0.0,2.1963828382055734e+31
iter_0496,2.1619805966675153e+31,3.0157763049280845e+29,0.0,0.0,2.1921383597167963e+31
iter_0497,2.0182921346657858e+31,3.798015642141879e+29,0.0,0.0,2.0562722910872045e+31
iter_0498,2.054936350035554e+31,2.3202110996793273e+29,0.0,0.0,2.078138461032347e+31
iter_0499,2.0438749472261077e+31,3.361777336333386e+29,0.0,0.0,2.0774927205894415e+31
iter_0500,2.037296744542077e+31,2.7857566017356625e+29,0.0,0.0,2.0651543105594334e+31
iter_0501,2.0168334624782497e+31,2.942028555246942e+29,0.0,0.0,2.046253748030719e+31
iter_0502,2.0047820846503597e+31,2.6478103421534155e+29,0.0,0.0,2.0312601880718936e+31
iter_0503,2.126648347421423e+31,2.0865696165262538e+29,0.0,0.0,2.1475140435866853e+31
iter_0504,2.2450023818716775e+31,3.9565433784921235e+29,0.0,0.0,2.2845678156565986e+31
iter_0505,2.116096389452916e+31,2.325837407535623e+29,0.0,0.0,2.1393547635282723e+31
iter_0506,1.9533120205803651e+31,3.930600735733024e+29,0.0,0.0,1.9926180279376957e+31
iter_0507,2.269785083248525e+31,2.5122712404586455e+29,0.0,0.0,2.2949077956531114e+31
iter_0508,2.098566743190045e+31,2.4577538088163675e+29,0.0,0.0,2.1231442812782087e+31
iter_0509,2.3175954276039163e+31,1.8896521380604814e+29,0.0,0.0,2.336491948984521e+31
iter_0510,2.13147934534014e+31,2.2319274230389043e+29,0.0,0.0,2.1537986195705294e+31
iter_0511,2.2107267019155745e+31,4.048720167914084e+29,0.0,0.0,2.2512139035947154e+31
iter_0512,2.084861163433636e+31,2.2048901054083153e+29,0.0,0.0,2.1069100644877194e+31
iter_0513,2.066130444544998e+31,2.254315676832612e+29,0.0,0.0,2.088673601313324e+31
iter_0514,2.230063085403859e+31,3.237229202153957e+29,0.0,0.0,2.262435377425398e+31
iter_0515,2.2463881244981804e+31,4.377743870860773e+29,0.0,0.0,2.2901655632067886e+31
iter_0516,1.9361928061088955e+31,2.592076058423211e+29,0.0,0.0,1.9621135666931277e+31
iter_0517,2.1082888144701496e+31,3.5156638687614486e+29,0.0,0.0,2.143445453157764e+31
iter_0518,2.1211195051378427e+31,2.089388391071808e+29,0.0,0.0,2.1420133890485605e+31
iter_0519,2.1575500849018584e+31,2.4947240115091175e+29,0.0,0.0,2.1824973250169495e+31
iter_0520,1.9420236471343214e+31,3.473374061352686e+29,0.0,0.0,1.9767573877478485e+31
iter_0521,2.2517042684349134e+31,4.317028013141145e+29,0.0,0.0,2.294874548566325e+31
iter_0522,1.8598275339579533e+31,2.6961130420349403e+29,0.0,0.0,1.8867886643783029e+31
iter_0523,2.1146132834406555e+31,4.17591476999001e+29,0.0,0.0,2.156372431140556e+31
iter_0524,2.047930249140407e+31,2.723322160268745e+29,0.0,0.0,2.075163470743094e+31
iter_0525,2.0093926589016508e+31,2.4178419278451875e+29,0.0,0.0,2.033571078180103e+31
iter_0526,2.165671182196879e+31,2.3234004317476023e+29,0.0,0.0,2.1889051865143553e+31
iter_0527,2.1356527147261456e+31,3.0044967160589148e+29,0.0,0.0,2.1656976818867345e+31
iter_0528,2.0468129190403797e+31,1.466782525583068e+29,0.0,0.0,2.0614807442962103e+31
iter_0529,2.1157915097554756e+31,2.6471492948158527e+29,0.0,0.0,2.1422630027036345e+31
iter_0530,2.1900472867755097e+31,2.3021278723788762e+29,0.0,0.0,2.213068565499299e+31
iter_0531,2.1597510077464035e+31,2.4948588836523595e+29,0.0,0.0,2.1846995965829265e+31
iter_0532,2.189186306098367e+31,3.0578923092703523e+29,0.0,0.0,2.2197652291910704e+31
iter_0533,2.031490821285497e+31,2.8915165417233486e+29,0.0,0.0,2.060405986702731e+31
iter_0534,2.1639869369633546e+31,2.947326752694837e+29,0.0,0.0,2.1934602044903025e+31
iter_0535,2.2267650653458456e+31,2.732041435103943e+29,0.0,0.0,2.254085479696885e+31
iter_0536,2.1937866671670105e+31,2.4097701293445362e+29,0.0,0.0,2.2178843684604555e+31
iter_0537,2.2174509431773377e+31,3.62379521187869e+29,0.0,0.0,2.2536888952961244e+31
iter_0538,2.0077084209133583e+31,3.190516074330089e+29,0.0,0.0,2.0396135816566593e+31
iter_0539,1.9777163365350913e+31,2.489871379312362e+29,0.0,0.0,2.0026150503282148e+31
iter_0540,2.2823315152271932e+31,4.2265220136831894e+29,0.0,0.0,2.3245967353640246e+31
iter_0541,2.062139109469296e+31,2.4393776861508704e+29,0.0,0.0,2.0865328863308043e+31
iter_0542,2.063950376998185e+31,2.324426039550238e+29,0.0,0.0,2.087194637393688e+31
iter_0543,1.9836873586700138e+31,2.6418469482192688e+29,0.0,0.0,2.0101058281522066e+31
iter_0544,2.141535691484714e+31,2.6715479210485583e+29,0.0,0.0,2.1682511706951995e+31
iter_0545,2.176807862779218e+31,2.214070420611608e+29,0.0,0.0,2.198948566985334e+31
iter_0546,2.1219393426548527e+31,3.370551263332688e+29,0.0,0.0,2.15564485528818e+31
iter_0547,2.1303652469789514e+31,3.6159713180306305e+29,0.0,0.0,2.166524960159258e+31
iter_0548,2.103132421297084e+31,3.026900049135806e+29,0.0,0.0,2.1334014217884416e+31
iter_0549,2.1179374328650624e+31,2.317253234625359e+29,0.0,0.0,2.141109965211316e+31
iter_0550,2.039732770638054e+31,3.2640936096376024e+29,0.0,0.0,2.07237370673443e+31
iter_0551,2.0542117047946833e+31,3.167875019189185e+29,0.0,0.0,2.0858904549865752e+31
iter_0552,2.267235796355593e+31,3.0149113720199142e+29,0.0,0.0,2.297384910075792e+31
iter_0553,2.2638241051333264e+31,3.016916882137811e+29,0.0,0.0,2.293993273954705e+31
iter_0554,2.1241100044708965e+31,4.222932427380396e+29,0.0,0.0,2.1663393287447008e+31
iter_0555,2.17874067315161e+31,3.600613041553123e+29,0.0,0.0,2.2147468035671413e+31
iter_0556,1.9960581917528583e+31,2.0532737070087572e+29,0.0,0.0,2.0165909288229459e+31
iter_0557,2.1743012045503592e+31,3.0794879882977294e+29,0.0,0.0,2.205096084433336e+31
iter_0558,2.1309097674296924e+31,2.7992672695892745e+29,0.0,0.0,2.1589024401255855e+31
iter_0559,2.069102382397933e+31,2.968394468648059e+29,0.0,0.0,2.098786327084414e+31
iter_0560,2.0889771530093752e+31,1.7153779325821464e+29,0.0,0.0,2.1061309323351967e+31
iter_0561,2.171843540293031e+31,2.9126195209966648e+29,0.0,0.0,2.200969735502998e+31
iter_0562,2.173433460776045e+31,2.565204363865454e+29,0.0,0.0,2.1990855044146993e+31
iter_0563,2.15140169368783e+31,2.8497649068189e+29,0.0,0.0,2.179899342756019e+31
iter_0564,2.0775491645921023e+31,1.8572290020953404e+29,0.0,0.0,2.0961214546130553e+31
iter_0565,2.1189913227732113e+31,2.2213722712860494e+29,0.0,0.0,2.1412050454860713e+31
iter_0566,2.0081179005143049e+31,3.0893093777473587e+29,0.0,0.0,2.0390109942917784e+31
iter_0567,2.0456436327626173e+31,1.9690718530757557e+29,0.0,0.0,2.065334351293375e+31
iter_0568,2.1596322750800944e+31,3.906673025239759e+29,0.0,0.0,2.198699005332492e+31
iter_0569,2.043051892521488e+31,2.4316412175804824e+29,0.0,0.0,2.0673683046972922e+31
iter_0570,2.1615711745797263e+31,3.3672864311871044e+29,0.0,0.0,2.1952440388915974e+31
iter_0571,2.1929841101541776e+31,1.6772509540772857e+29,0.0,0.0,2.2097566196949503e+31
iter_0572,2.174078553295746e+31,3.1010446633704184e+29,0.0,0.0,2.2050889999294504e+31
iter_0573,2.0389275694812217e+31,3.1292326842392564e+29,0.0,0.0,2.0702198963236142e+31
iter_0574,2.1734647425711546e+31,2.4997168425391757e+29,0.0,0.0,2.1984619109965465e+31
iter_0575,2.0766050890523576e+31,3.397691778994238e+29,0.0,0.0,2.1105820068423e+31
iter_0576,2.0900226995691504e+31,2.1209229133487226e+29,0.0,0.0,2.1112319287026375e+31
iter_0577,2.0348861654220095e+31,2.611211780106266e+29,0.0,0.0,2.060998283223072e+31
iter_0578,1.99798913133898e+31,2.4527532761905915e+29,0.0,0.0,2.022516664100886e+31
iter_0579,2.100195837260985e+31,2.4333954066331333e+29,0.0,0.0,2.1245297913273165e+31
iter_0580,1.948860729383296e+31,3.3717026120272966e+29,0.0,0.0,1.982577755503569e+31
iter_0581,2.1448101028066987e+31,2.5286709840749955e+29,0.0,0.0,2.1700968126474486e+31
iter_0582,2.117974316517813e+31,3.038132981973843e+29,0.0,0.0,2.148355646337551e+31
iter_0583,2.0968832091226503e+31,2.5647141028273983e+29,0.0,0.0,2.1225303501509245e+31
iter_0584,2.01655721151423e+31,2.5594009462712772e+29,0.0,0.0,2.042151220976943e+31
iter_0585,2.1265982855819014e+31,3.2036801649199525e+29,0.0,0.0,2.1586350872311014e+31
iter_0586,2.082350678093812e+31,2.5950607856852323e+29,0.0,0.0,2.1083012859506642e+31
iter_0587,2.201564124953375e+31,3.327678702425366e+29,0.0,0.0,2.2348409119776285e+31
iter_0588,2.2157827580811285e+31,3.313680335783811e+29,0.0,0.0,2.2489195614389665e+31
iter_0589,2.155318525268462e+31,2.9009169834875237e+29,0.0,0.0,2.1843276951033374e+31
iter_0590,1.9611026348329026e+31,1.5044160941724635e+29,0.0,0.0,1.9761467957746273e+31
iter_0591,2.136981470071815e+31,2.5193384702409038e+29,0.0,0.0,2.1621748547742235e+31
iter_0592,2.1221109381520046e+31,2.9967578347102526e+29,0.0,0.0,2.1520785164991066e+31
iter_0593,2.0855582861105884e+31,2.4914399784517085e+29,0.0,0.0,2.1104726858951055e+31
iter_0594,2.2793826128112553e+31,2.610591332968751e+29,0.0,0.0,2.305488526140943e+31
iter_0595,2.05996037022031e+31,2.29308586857016e+29,0.0,0.0,2.082891228906012e+31
iter_0596,2.184841872265015e+31,3.1284594356879117e+29,0.0,0.0,2.2161264666218943e+31
iter_0597,2.0380480557715707e+31,2.4343132823016416e+29,0.0,0.0,2.0623911885945874e+31
iter_0598,2.0961988032551067e+31,2.700296994078502e+29,0.0,0.0,2.123201773195892e+31
iter_0599,2.2157828960355175e+31,2.5576799086382426e+29,0.0,0.0,2.2413596951219004e+31
iter_0600,2.2183564559356102e+31,2.7171011476463628e+29,0.0,0.0,2.2455274674120736e+31
iter_0601,2.0135607893949741e+31,3.0801475962033916e+29,0.0,0.0,2.0443622653570086e+31
iter_0602,2.224799541920513e+31,2.929674244697021e+29,0.0,0.0,2.254096284367483e+31
iter_0603,2.1654468888369313e+31,4.4178892934346736e+29,0.0,0.0,2.2096257817712786e+31
iter_0604,2.0807730512226813e+31,2.5916004892735505e+29,0.0,0.0,2.1066890561154166e+31
iter_0605,2.243497547226673e+31,3.4671830252567096e+29,0.0,0.0,2.27816937747924e+31
iter_0606,1.9835241893925699e+31,1.8872619505566904e+29,0.0,0.0,2.0023968088981368e+31
iter_0607,1.9442889781476467e+31,3.0772617276114835e+29,0.0,0.0,1.9750615954237615e+31
iter_0608,2.1014535700276826e+31,1.9642878648657134e+29,0.0,0.0,2.1210964486763406e+31
iter_0609,2.2218870236780325e+31,3.05223783393072e+29,0.0,0.0,2.2524094020173397e+31
iter_0610,2.1954001899359594e+31,2.2741856486926445e+29,0.0,0.0,2.2181420464228857e+31
iter_0611,2.107381564494945e+31,2.092804936837576e+29,0.0,0.0,2.128309613863321e+31
iter_0612,2.1293568458033565e+31,2.7629235212398573e+29,0.0,0.0,2.156986081015755e+31
iter_0613,2.102479032775558e+31,2.6807010026551938e+29,0.0,0.0,2.12928604280211e+31
iter_0614,2.1002753649732985e+31,3.43960509050439e+29,0.0,0.0,2.1346714158783427e+31
iter_0615,2.128940112916464e+31,3.735241282854584e+29,0.0,0.0,2.1662925257450097e+31
iter_0616,2.0266278676613674e+31,2.4614755747719294e+29,0.0,0.0,2.0512426234090865e+31
iter_0617,2.2271037478979327e+31,3.531303491937003e+29,0.0,0.0,2.262416782817303e+31
iter_0618,2.1378645277793708e+31,2.8345217558153736e+29,0.0,0.0,2.166209745337524e+31
iter_0619,2.1846483368775343e+31,2.6115314439293767e+29,0.0,0.0,2.2107636513168283e+31
iter_0620,2.16609113234583e+31,3.7868056560895114e+29,0.0,0.0,2.203959188906725e+31
iter_0621,2.099876285522796e+31,2.157264405995072e+29,0.0,0.0,2.121448929582747e+31
iter_0622,2.2311376597940413e+31,2.7088323989310615e+29,0.0,0.0,2.258225983783352e+31
iter_0623,1.9802366586085197e+31,2.77514015582906e+29,0.0,0.0,2.0079880601668103e+31
iter_0624,2.184009967384244e+31,1.8875623164781184e+29,0.0,0.0,2.2028855905490253e+31
iter_0625,2.2033428728261195e+31,4.2041920323181826e+29,0.0,0.0,2.2453847931493015e+31
iter_0626,2.1587247078142465e+31,3.6296898247098186e+29,0.0,0.0,2.1950216060613447e+31
iter_0627,2.082712156501211e+31,2.4022879892987752e+29,0.0,0.0,2.106735036394199e+31
iter_0628,2.1536157829794232e+31,2.3765126510719616e+29,0.0,0.0,2.177380909490143e+31
iter_0629,2.4204634664827447e+31,3.238440238408747e+29,0.0,0.0,2.4528478688668324e+31
iter_0630,2.0088610512041006e+31,1.7687765219542008e+29,0.0,0.0,2.0265488164236425e+31
iter_0631,2.2168651703410253e+31,2.2983729883847518e+29,0.0,0.0,2.239848900224873e+31
iter_0632,2.182705204770245e+31,1.8616965036509087e+29,0.0,0.0,2.2013221698067537e+31
iter_0633,2.147735186874782e+31,2.3632454195889093e+29,0.0,0.0,2.1713676410706713e+31
iter_0634,2.2448993174725797e+31,2.8263902400865393e+29,0.0,0.0,2.273163219873445e+31
iter_0635,2.0978132490562575e+31,4.632011135186023e+29,0.0,0.0,2.1441333604081174e+31
iter_0636,2.183260903650289e+31,3.2792762957626736e+29,0.0,0.0,2.216053666607916e+31
iter_0637,2.16110798904369e+31,2.570168288167168e+29,0.0,0.0,2.186809671925362e+31
iter_0638,2.0093108212770795e+31,2.6829774824716863e+29,0.0,0.0,2.0361405961017963e+31
iter_0639,2.220278517645988e+31,2.732890593372895e+29,0.0,0.0,2.247607423579717e+31
iter_0640,2.1162270557553514e+31,1.671622245576623e+29,0.0,0.0,2.132943278211118e+31
iter_0641,2.0547931759170936e+31,2.684541467191062e+29,0.0,0.0,2.0816385905890045e+31
iter_0642,2.144102046629336e+31,3.1922180496673215e+29,0.0,0.0,2.176024227126009e+31
iter_0643,2.0956183542348816e+31,2.8366835767875398e+29,0.0,0.0,2.1239851900027573e+31
iter_0644,2.130434380845531e+31,2.9066969947540496e+29,0.0,0.0,2.1595013507930715e+31
iter_0645,2.052657829840644e+31,2.404508186613261e+29,0.0,0.0,2.0767029117067767e+31
iter_0646,2.084972798197029e+31,3.065829662146446e+29,0.0,0.0,2.1156310948184933e+31
iter_0647,2.0150171222227072e+31,3.3254458430757666e+29,0.0,0.0,2.048271580653465e+31
iter_0648,2.0528779288403534e+31,2.75415637600346e+29,0.0,0.0,2.080419492600388e+31
iter_0649,2.0110097936362393e+31,3.705908750154776e+29,0.0,0.0,2.048068881137787e+31
iter_0650,2.078011666182676e+31,2.7016003297723733e+29,0.0,0.0,2.1050276694803995e+31
iter_0651,2.1388850062507838e+31,2.8472788938762076e+29,0.0,0.0,2.1673577951895457e+31
iter_0652,1.943639057108603e+31,3.006811199088065e+29,0.0,0.0,1.9737071690994834e+31
iter_0653,2.000739196711771e+31,2.7937561314118685e+29,0.0,0.0,2.0286767580258896e+31
iter_0654,2.2232546041278287e+31,2.566991311713277e+29,0.0,0.0,2.2489245172449613e+31
iter_0655,1.9696441581708078e+31,1.853027458224829e+29,0.0,0.0,1.988174432753056e+31
iter_0656,2.162331637320337e+31,2.5443249697542008e+29,0.0,0.0,2.1877748870178792e+31
iter_0657,2.1135484698746667e+31,3.7535097596892515e+29,0.0,0.0,2.151083567471559e+31
iter_0658,2.0147114887484775e+31,2.903367446719778e+29,0.0,0.0,2.043745163215675e+31
iter_0659,2.2428190502383686e+31,3.1200847244764033e+29,0.0,0.0,2.2740198974831327e+31
iter_0660,2.2114471676738964e+31,2.2603770927408693e+29,0.0,0.0,2.2340509386013052e+31
iter_0661,2.2149691635878577e+31,2.9496691419471268e+29,0.0,0.0,2.2444658550073287e+31
iter_0662,2.122221295484873e+31,2.093645916931339e+29,0.0,0.0,2.1431577546541864e+31
iter_0663,2.190104918463918e+31,3.069285716700875e+29,0.0,0.0,2.2207977756309265e+31
iter_0664,2.2192649544748966e+31,4.274017298680364e+29,0.0,0.0,2.2620051274617e+31
iter_0665,2.1904632171519347e+31,2.8277045552305763e+29,0.0,0.0,2.2187402627042402e+31
iter_0666,2.120789975876558e+31,2.8426529104009895e+29,0.0,0.0,2.149216504980568e+31
iter_0667,2.1910854720752423e+31,2.6371752310091625e+29,0.0,0.0,2.217457224385334e+31
iter_0668,2.1876077585962365e+31,2.5094410827113078e+29,0.0,0.0,2.21270216942335e+31
iter_0669,2.159997173105752e+31,2.4355202301965263e+29,0.0,0.0,2.1843523754077175e+31
iter_0670,2.2292345545836225e+31,2.9299085184023998e+29,0.0,0.0,2.2585336397676463e+31
iter_0671,1.998387668376333e+31,2.4493254821523075e+29,0.0,0.0,2.022880923197856e+31
iter_0672,2.1273043883538842e+31,2.5545446418694393e+29,0.0,0.0,2.152849834772579e+31
iter_0673,2.2607377357234334e+31,3.224978893394491e+29,0.0,0.0,2.292987524657378e+31
iter_0674,2.0939488396409866e+31,2.2984739250255342e+29,0.0,0.0,2.116933578891242e+31
iter_0675,2.05790490428199e+31,2.269085117259298e+29,0.0,0.0,2.080595755454583e+31
iter_0676,2.0613302250777466e+31,2.3066203959321393e+29,0.0,0.0,2.084396429037068e+31
iter_0677,2.123400946870518e+31,2.0467420164358355e+29,0.0,0.0,2.143868367034876e+31
iter_0678,2.1883976232729145e+31,4.010886767165474e+29,0.0,0.0,2.2285064909445695e+31
iter_0679,2.1308495843272743e+31,3.0855163504919422e+29,0.0,0.0,2.1617047478321933e+31
iter_0680,2.1227992498695547e+31,1.944875973747281e+29,0.0,0.0,2.1422480096070275e+31
iter_0681,2.1814549132080765e+31,2.090148193836378e+29,0.0,0.0,2.20235639514644e+31
iter_0682,2.0168321929279174e+31,2.349889366188512e+29,0.0,0.0,2.0403310865898028e+31
iter_0683,2.0214815411763212e+31,3.639981529293392e+29,0.0,0.0,2.057881356469255e+31
iter_0684,2.1922722001956993e+31,2.7645548902069e+29,0.0,0.0,2.2199177490977686e+31
iter_0685,2.2482107869568037e+31,2.238488157586562e+29,0.0,0.0,2.2705956685326693e+31
iter_0686,2.1072355986488962e+31,3.195774363248555e+29,0.0,0.0,2.1391933422813823e+31
iter_0687,2.1206900432656955e+31,2.9080533830785904e+29,0.0,0.0,2.1497705770964815e+31
iter_0688,2.1250720982601904e+31,2.3317665532120103e+29,0.0,0.0,2.1483897637923104e+31
iter_0689,2.0272293141166273e+31,2.6636517744207497e+29,0.0,0.0,2.0538658318608346e+31
iter_0690,2.2790352645583192e+31,2.1948537615600506e+29,0.0,0.0,2.3009838021739197e+31
iter_0691,2.0794742418769313e+31,2.121490275035082e+29,0.0,0.0,2.100689144627282e+31
iter_0692,2.115646445094647e+31,3.1645635646605026e+29,0.0,0.0,2.1472920807412523e+31
iter_0693,2.070738153464966e+31,3.5385361275051324e+29,0.0,0.0,2.1061235147400173e+31
iter_0694,2.246473073982052e+31,1.890950145050224e+29,0.0,0.0,2.2653825754325545e+31
iter_0695,2.121863879737302e+31,2.852980562991185e+29,0.0,0.0,2.150393685367214e+31
iter_0696,2.182664591437609e+31,2.4689248656421373e+29,0.0,0.0,2.207353840094031e+31
iter_0697,2.048004929516227e+31,3.945790386111159e+29,0.0,0.0,2.0874628333773386e+31
iter_0698,2.0962501208437076e+31,3.0509989446755537e+29,0.0,0.0,2.1267601102904636e+31
iter_0699,2.0556475152208693e+31,2.3693196906345125e+29,0.0,0.0,2.0793407121272145e+31
iter_0700,2.020625824196827e+31,3.5362095835542136e+29,0.0,0.0,2.0559879200323693e+31
iter_0701,2.0277032046434508e+31,2.3597014572774627e+29,0.0,0.0,2.051300219216225e+31
iter_0702,2.211942100242831e+31,2.2412617091914905e+29,0.0,0.0,2.2343547173347456e+31
iter_0703,2.0400132484899515e+31,4.373744557738918e+29,0.0,0.0,2.0837506940673405e+31
iter_0704,2.075235408979088e+31,3.2650289062664485e+29,0.0,0.0,2.1078856980417526e+31
iter_0705,2.1358642596270936e+31,2.8740529050258164e+29,0.0,0.0,2.1646047886773515e+31
iter_0706,2.0058692006830717e+31,2.5220860637504796e+29,0.0,0.0,2.0310900613205764e+31
iter_0707,2.1164094053286323e+31,2.2472977089751626e+29,0.0,0.0,2.138882382418384e+31
iter_0708,2.15658967573398e+31,2.6011036743339644e+29,0.0,0.0,2.18260071247732e+31
iter_0709,2.0217906217524864e+31,2.4877003718858106e+29,0.0,0.0,2.0466676254713443e+31
iter_0710,2.190633511875715e+31,2.6972068027068373e+29,0.0,0.0,2.217605579902783e+31
iter_0711,1.9813690227469654e+31,3.01587389947372e+29,0.0,0.0,2.0115277617417023e+31
iter_0712,2.2077136456369413e+31,2.3959917296195383e+29,0.0,0.0,2.231673562933137e+31
iter_0713,2.074592344665758e+31,2.1096903789396284e+29,0.0,0.0,2.095689248455154e+31
iter_0714,1.9702579888021817e+31,2.226263889365132e+29,0.0,0.0,1.9925206276958328e+31
iter_0715,1.9550522302667563e+31,2.4561500592631492e+29,0.0,0.0,1.979613730859388e+31
iter_0716,2.2394915464926137e+31,2.018913506390422e+29,0.0,0.0,2.259680681556518e+31
iter_0717,1.9655499344914816e+31,2.903596988271547e+29,0.0,0.0,1.994585904374197e+31
iter_0718,2.081358395342547e+31,3.491294572792955e+29,0.0,0.0,2.1162713410704763e+31
iter_0719,2.1398901751277112e+31,3.031738407426638e+29,0.0,0.0,2.1702075592019776e+31
iter_0720,2.1008690784199616e+31,1.648112631210974e+29,0.0,0.0,2.117350204732071e+31
iter_0721,2.1528328706159006e+31,3.0971739605495023e+29,0.0,0.0,2.1838046102213957e+31
iter_0722,2.1579238680649094e+31,3.5488603062424516e+29,0.0,0.0,2.193412471127334e+31
iter_0723,2.2733658022587266e+31,1.4946658193970156e+29,0.0,0.0,2.288312460452697e+31
iter_0724,2.182453187661094e+31,2.843924854276782e+29,0.0,0.0,2.2108924362038614e+31
iter_0725,2.0241854760688373e+31,2.4942697123923906e+29,0.0,0.0,2.0491281731927612e+31
iter_0726,2.1837969031757795e+31,2.3493114909092447e+29,0.0,0.0,2.2072900180848715e+31
iter_0727,2.1389202217806924e+31,4.3047835562505994e+29,0.0,0.0,2.1819680573431986e+31
iter_0728,2.18070659454276e+31,4.094059827342121e+29,0.0,0.0,2.221647192816181e+31
iter_0729,2.2564889834342286e+31,2.4957796629924883e+29,0.0,0.0,2.2814467800641537e+31
iter_0730,2.0387561887589383e+31,3.802434806638955e+29,0.0,0.0,2.076780536825328e+31
iter_0731,2.139600686572567e+31,2.4571121718093002e+29,0.0,0.0,2.164171808290661e+31
iter_0732,2.184641841472147e+31,2.5097661308609345e+29,0.0,0.0,2.2097395027807565e+31
iter_0733,2.0793697611665743e+31,2.9288747959977125e+29,0.0,0.0,2.1086585091265513e+31
iter_0734,2.0073608617818344e+31,2.9095798214823037e+29,0.0,0.0,2.036456659996658e+31
iter_0735,2.079202878753248e+31,4.97482383784319e+29,0.0,0.0,2.12895111713168e+31
iter_0736,2.2542824922959917e+31,3.0129906757670596e+29,0.0,0.0,2.2844123990536623e+31
iter_0737,2.211003580896e+31,2.6234662090389392e+29,0.0,0.0,2.2372382429863893e+31
iter_0738,2.184056004980462e+31,2.8516819517922107e+29,0.0,0.0,2.212572824498384e+31
iter_0739,2.106927259803963e+31,3.046057979502572e+29,0.0,0.0,2.1373878395989885e+31
iter_0740,2.1816709171307612e+31,3.2415316113034316e+29,0.0,0.0,2.214086233243795e+31
iter_0741,2.0643071351266787e+31,2.730855194976066e+29,0.0,0.0,2.091615687076439e+31
iter_0742,2.1153669491453625e+31,3.024690985878947e+29,0.0,0.0,2.1456138590041517e+31
iter_0743,2.244365423543604e+31,4.530096682189286e+29,0.0,0.0,2.2896663903654966e+31
iter_0744,2.1096257843821532e+31,2.8426505865224792e+29,0.0,0.0,2.138052290247378e+31
iter_0745,2.088590144309722e+31,2.6412134939145823e+29,0.0,0.0,2.115002279248868e+31
iter_0746,2.0189827862361407e+31,2.639398717965379e+29,0.0,0.0,2.0453767734157946e+31
iter_0747,2.077774486254381e+31,2.9841241586133822e+29,0.0,0.0,2.1076157278405147e+31
iter_0748,2.2241968418743357e+31,2.7640396389190806e+29,0.0,0.0,2.2518372382635263e+31
iter_0749,1.9783033593280463e+31,2.201686451979695e+29,0.0,0.0,2.0003202238478435e+31
iter_0750,2.2111157394091843e+31,3.0782231904199836e+29,0.0,0.0,2.2418979713133843e+31
iter_0751,1.9833664359173076e+31,1.688749984817671e+29,0.0,0.0,2.0002539357654842e+31
iter_0752,2.266348444960322e+31,3.0237748286441057e+29,0.0,0.0,2.2965861932467635e+31
iter_0753,2.1283906125467897e+31,2.2041151812300504e+29,0.0,0.0,2.15043176435909e+31
iter_0754,2.2233613422534175e+31,2.2421886601857318e+29,0.0,0.0,2.2457832288552754e+31
iter_0755,2.25159645977821e+31,2.654924279277663e+29,0.0,0.0,2.2781457025709866e+31
iter_0756,2.137847652683172e+31,2.7168004192735906e+29,0.0,0.0,2.165015656875908e+31
iter_0757,2.0822468646149837e+31,3.538249688037671e+29,0.0,0.0,2.1176293614953604e+31
iter_0758,2.055053643457873e+31,2.9023426265882837e+29,0.0,0.0,2.084077069723756e+31
iter_0759,2.1091505745698183e+31,3.245026239500648e+29,0.0,0.0,2.141600836964825e+31
iter_0760,2.0341815464573414e+31,2.6059131710016012e+29,0.0,0.0,2.060240678167357e+31
iter_0761,2.151864541897782e+31,2.831318452326112e+29,0.0,0.0,2.1801777264210426e+31
iter_0762,2.0098611924807845e+31,3.1374026717692112e+29,0.0,0.0,2.0412352191984765e+31
iter_0763,1.9428255989764613e+31,2.0393411028700894e+29,0.0,0.0,1.963219010005162e+31
iter_0764,2.2461471522980633e+31,2.89723757688647e+29,0.0,0.0,2.2751195280669284e+31
iter_0765,2.1411494206203793e+31,2.391171839302064e+29,0.0,0.0,2.1650611390134e+31
iter_0766,2.0403673611593052e+31,3.528287752419547e+29,0.0,0.0,2.0756502386835005e+31
iter_0767,2.1247971752506982e+31,3.0612894988537924e+29,0.0,0.0,2.1554100702392363e+31
iter_0768,2.188469960077932e+31,3.086464380165086e+29,0.0,0.0,2.2193346038795827e+31
iter_0769,2.1022013837717047e+31,2.3934049543480994e+29,0.0,0.0,2.1261354333151854e+31
iter_0770,2.044962895279612e+31,2.465178049858556e+29,0.0,0.0,2.0696146757781974e+31
iter_0771,2.1373457352128065e+31,1.7773909277558577e+29,0.0,0.0,2.155119644490365e+31
iter_0772,2.054841314627812e+31,3.101275509004198e+29,0.0,0.0,2.085854069717854e+31
iter_0773,1.9955419770722897e+31,2.879813449281407e+29,0.0,0.0,2.0243401115651037e+31
iter_0774,2.1236787160717524e+31,3.318657194825144e+29,0.0,0.0,2.1568652880200038e+31
iter_0775,2.036199459673237e+31,2.4183073724303143e+29,0.0,0.0,2.06038253339754e+31
iter_0776,2.046101996373118e+31,2.4335546176529958e+29,0.0,0.0,2.0704375425496476e+31
iter_0777,2.0199495716309472e+31,2.2906433070204825e+29,0.0,0.0,2.042856004701152e+31
iter_0778,2.2698682451281028e+31,3.379850409196142e+29,0.0,0.0,2.3036667492200645e+31
iter_0779,2.14831191433267e+31,1.6991328240258383e+29,0.0,0.0,2.1653032425729288e+31
iter_0780,2.0087655916428694e+31,2.652332725766469e+29,0.0,0.0,2.035288918900534e+31
iter_0781,2.0737842677649376e+31,3.573648398149031e+29,0.0,0.0,2.1095207517464278e+31
iter_0782,2.1146022817869435e+31,3.6998984002235735e+29,0.0,0.0,2.1516012657891793e+31
iter_0783,2.2132491763653713e+31,3.742206009456477e+29,0.0,0.0,2.250671236459936e+31
iter_0784,2.111763785786275e+31,3.7422358515353814e+29,0.0,0.0,2.149186144301629e+31
iter_0785,2.1514334930688577e+31,2.6826781942828278e+29,0.0,0.0,2.1782602750116857e+31
iter_0786,2.183526956586837e+31,2.8509791828069908e+29,0.0,0.0,2.2120367484149066e+31
iter_0787,2.154081434221397e+31,1.935235665148746e+29,0.0,0.0,2.1734337908728842e+31
iter_0788,2.1561350341368155e+31,2.351361114620075e+29,0.0,0.0,2.1796486452830165e+31
iter_0789,2.3243580751561205e+31,2.9355661105603686e+29,0.0,0.0,2.3537137362617247e+31
iter_0790,1.9310940239903478e+31,4.994039633981999e+29,0.0,0.0,1.9810344203301677e+31
iter_0791,2.118606257511591e+31,2.9769017095697452e+29,0.0,0.0,2.1483752746072884e+31
iter_0792,2.3165412307399555e+31,4.0653335998669414e+29,0.0,0.0,2.3571945667386244e+31
iter_0793,2.2643534351742674e+31,3.1598110868560664e+29,0.0,0.0,2.295951546042828e+31
iter_0794,2.119497128340795e+31,3.1357023744447078e+29,0.0,0.0,2.150854152085242e+31
iter_0795,2.078563021022111e+31,2.678349691135368e+29,0.0,0.0,2.105346517933465e+31
iter_0796,2.03721071813451e+31,2.956440699360552e+29,0.0,0.0,2.0667751251281153e+31
iter_0797,2.241515670755004e+31,1.8906167202505003e+29,0.0,0.0,2.260421837957509e+31
iter_0798,2.1277906807915648e+31,2.5064648184390424e+29,0.0,0.0,2.1528553289759557e+31
iter_0799,2.0391311349949817e+31,2.6745318613420484e+29,0.0,0.0,2.065876453608402e+31
iter_0800,2.1223544239250196e+31,3.348693848251126e+29,0.0,0.0,2.1558413624075307e+31
iter_0801,2.269145747316348e+31,3.063695310511254e+29,0.0,0.0,2.299782700421461e+31
iter_0802,2.330371496772337e+31,2.2937143718815805e+29,0.0,0.0,2.353308640491153e+31
iter_0803,2.0791487194239223e+31,2.130489120582818e+29,0.0,0.0,2.100453610629751e+31
iter_0804,1.9207138376423134e+31,2.5644644909365305e+29,0.0,0.0,1.946358482551679e+31
iter_0805,2.1382754667680375e+31,3.634593269737538e+29,0.0,0.0,2.1746213994654134e+31
iter_0806,2.263826040593019e+31,1.3337140715973652e+29,0.0,0.0,2.277163181308992e+31
iter_0807,2.012000019152907e+31,3.117781965584768e+29,0.0,0.0,2.043177838808755e+31
iter_0808,2.1626824501342965e+31,3.8354476337745386e+29,0.0,0.0,2.201036926472042e+31
iter_0809,2.1857892925039852e+31,3.491430406864272e+29,0.0,0.0,2.2207035965726276e+31
iter_0810,1.935003302711981e+31,1.9566266441045023e+29,0.0,0.0,1.9545695691530264e+31
iter_0811,2.145559775468688e+31,3.202345563913808e+29,0.0,0.0,2.177583231107826e+31
iter_0812,2.1318275797252477e+31,2.758991569553877e+29,0.0,0.0,2.1594174954207868e+31
iter_0813,2.104068435845863e+31,3.635887423306898e+29,0.0,0.0,2.140427310078932e+31
iter_0814,2.190515984038748e+31,3.362461168861632e+29,0.0,0.0,2.2241405957273644e+31
iter_0815,2.074953991531955e+31,2.096805288970939e+29,0.0,0.0,2.095922044421664e+31
iter_0816,2.1038061417164123e+31,2.6419068545164326e+29,0.0,0.0,2.1302252102615765e+31
iter_0817,2.2587356602453974e+31,1.5268264172291642e+29,0.0,0.0,2.2740039244176894e+31
iter_0818,2.0700346248716927e+31,2.732214898869415e+29,0.0,0.0,2.0973567738603867e+31
iter_0819,2.29928368365344e+31,2.4286267540797984e+29,0.0,0.0,2.323569951194238e+31
iter_0820,2.185162060242647e+31,2.6809414106096313e+29,0.0,0.0,2.211971474348743e+31
iter_0821,1.9284570760959412e+31,1.9117484618777288e+29,0.0,0.0,1.9475745607147184e+31
iter_0822,2.198595310793917e+31,4.219912704105006e+29,0.0,0.0,2.240794437834967e+31
iter_0823,2.2684896283604468e+31,2.7520495859188116e+29,0.0,0.0,2.2960101242196345e+31
iter_0824,2.0418024253276032e+31,2.3284218463049744e+29,0.0,0.0,2.065086643790653e+31
iter_0825,2.0144785634702747e+31,3.390788093520964e+29,0.0,0.0,2.0483864444054844e+31
iter_0826,2.156680944333923e+31,2.2755146101631416e+29,0.0,0.0,2.179436090435555e+31
iter_0827,1.9545969055352922e+31,3.0608443488725532e+29,0.0,0.0,1.9852053490240177e+31
iter_0828,2.0549797707982382e+31,2.1056332653874186e+29,0.0,0.0,2.076036103452112e+31
iter_0829,2.2344261248223833e+31,1.3919146667225941e+29,0.0,0.0,2.2483452714896095e+31
iter_0830,2.0733063807245903e+31,3.095790070462566e+29,0.0,0.0,2.1042642814292157e+31
iter_0831,1.91538680480712e+31,2.3790735174143456e+29,0.0,0.0,1.9391775399812632e+31
iter_0832,2.240843357359996e+31,2.3821998546228925e+29,0.0,0.0,2.264665355906225e+31
iter_0833,2.265518611907274e+31,3.4874378369846746e+29,0.0,0.0,2.3003929902771205e+31
iter_0834,2.1207060164346608e+31,2.1729723903678697e+29,0.0,0.0,2.1424357403383397e+31
iter_0835,2.209617118856694e+31,3.059034484747689e+29,0.0,0.0,2.240207463704171e+31
iter_0836,1.9984781286197615e+31,2.284474281767133e+29,0.0,0.0,2.0213228714374327e+31
iter_0837,2.182905292555704e+31,2.7785252728989452e+29,0.0,0.0,2.2106905452846935e+31
iter_0838,2.03119416711247e+31,2.5501209341670492e+29,0.0,0.0,2.0566953764541398e+31
iter_0839,2.114874330453276e+31,2.663270901668256e+29,0.0,0.0,2.141507039469958e+31
iter_0840,1.9707622679966112e+31,3.609884981202615e+29,0.0,0.0,2.0068611178086372e+31
iter_0841,2.0809218573496014e+31,3.335837192132274e+29,0.0,0.0,2.1142802292709243e+31
iter_0842,2.1672503317928464e+31,2.7603301447347372e+29,0.0,0.0,2.194853633240194e+31
iter_0843,2.2765878621322514e+31,2.862937434337579e+29,0.0,0.0,2.3052172364756267e+31
iter_0844,2.275747064963076e+31,2.7715591031569268e+29,0.0,0.0,2.3034626559946457e+31
iter_0845,2.274316815116125e+31,2.8928291416353212e+29,0.0,0.0,2.3032451065324783e+31
iter_0846,2.1577340065885667e+31,2.977775637211524e+29,0.0,0.0,2.1875117629606817e+31
iter_0847,1.9951407159733761e+31,3.734919292184697e+29,0.0,0.0,2.0324899088952227e+31
iter_0848,2.1827939424337016e+31,2.9756017963392857e+29,0.0,0.0,2.212549960397094e+31
iter_0849,1.9853046719227724e+31,3.656012772904086e+29,0.0,0.0,2.0218647996518132e+31
iter_0850,2.0117694772904896e+31,3.280050483342648e+29,0.0,0.0,2.0445699821239158e+31
iter_0851,2.0412237976498325e+31,2.0427058936767285e+29,0.0,0.0,2.0616508565866e+31
iter_0852,2.055735905226936e+31,3.1665388909984555e+29,0.0,0.0,2.0874012941369206e+31
iter_0853,2.246069647702263e+31,4.981858579450792e+29,0.0,0.0,2.2958882334967703e+31
iter_0854,2.099594708744633e+31,2.4597736139847322e+29,0.0,0.0,2.1241924448844795e+31
iter_0855,2.203740925297664e+31,2.885678373260505e+29,0.0,0.0,2.232597709030269e+31
iter_0856,2.2365979875727934e+31,3.1523887256011575e+29,0.0,0.0,2.2681218748288054e+31
iter_0857,2.052843089412988e+31,3.690817566312493e+29,0.0,0.0,2.0897512650761126e+31
iter_0858,2.1213528170936815e+31,2.6728288346762033e+29,0.0,0.0,2.148081105440443e+31
iter_0859,2.11821030385366e+31,2.046279550490274e+29,0.0,0.0,2.138673099358563e+31
iter_0860,2.1689435322295764e+31,3.671863510188703e+29,0.0,0.0,2.205662167331463e+31
iter_0861,2.1364641403163798e+31,1.6804636669490907e+29,0.0,0.0,2.1532687769858707e+31
iter_0862,2.097511211217333e+31,3.007973941788922e+29,0.0,0.0,2.127590950635222e+31
iter_0863,2.211696981262369e+31,3.182576808882879e+29,0.0,0.0,2.243522749351198e+31
iter_0864,2.091387141519071e+31,1.906607591193487e+29,0.0,0.0,2.110453217431006e+31
iter_0865,2.1122720033065873e+31,2.3254176393566864e+29,0.0,0.0,2.135526179700154e+31
iter_0866,2.1528554586785595e+31,2.8112666756596888e+29,0.0,0.0,2.1809681254351567e+31
iter_0867,2.1339739650004036e+31,3.374461007205169e+29,0.0,0.0,2.1677185750724555e+31
iter_0868,2.1477110433795727e+31,2.9182077211367685e+29,0.0,0.0,2.1768931205909404e+31
iter_0869,2.074169704825811e+31,3.3607571360768355e+29,0.0,0.0,2.1077772761865793e+31
iter_0870,2.065928115061429e+31,3.898330341013627e+29,0.0,0.0,2.1049114184715655e+31
iter_0871,2.0855706216383623e+31,3.0016395383198552e+29,0.0,0.0,2.115587017021561e+31
iter_0872,2.0337435529134977e+31,2.885183917884439e+29,0.0,0.0,2.062595392092342e+31
iter_0873,2.1443479713253626e+31,2.6390477228498766e+29,0.0,0.0,2.1707384485538616e+31
iter_0874,2.165870754351246e+31,2.4969181156855616e+29,0.0,0.0,2.190839935508102e+31
iter_0875,2.2095484501583506e+31,2.5503900298323148e+29,0.0,0.0,2.235052350456674e+31
iter_0876,2.3330553583250915e+31,3.867302184960396e+29,0.0,0.0,2.3717283801746954e+31
iter_0877,2.072159742177995e+31,3.0306826805451998e+29,0.0,0.0,2.1024665689834467e+31
iter_0878,2.193729445528113e+31,2.3300994369757612e+29,0.0,0.0,2.2170304398978704e+31
iter_0879,2.0581683067883693e+31,3.7093661441971194e+29,0.0,0.0,2.0952619682303407e+31
iter_0880,2.1235648449393196e+31,4.158662040385373e+29,0.0,0.0,2.1651514653431736e+31
iter_0881,2.0826529685142576e+31,3.359098152875555e+29,0.0,0.0,2.1162439500430134e+31
iter_0882,1.963509477145089e+31,2.8374560215196425e+29,0.0,0.0,1.9918840373602853e+31
iter_0883,2.1137436662069047e+31,2.1287122896745896e+29,0.0,0.0,2.1350307891036504e+31
iter_0884,2.1455866723692563e+31,2.3370550467923073e+29,0.0,0.0,2.1689572228371794e+31
iter_0885,2.1689179519211554e+31,3.182729552818961e+29,0.0,0.0,2.2007452474493447e+31
iter_0886,2.147982336391484e+31,3.1023857822083038e+29,0.0,0.0,2.1790061942135673e+31
iter_0887,2.1798677230361225e+31,3.3358202550777335e+29,0.0,0.0,2.2132259255869e+31
iter_0888,2.2318914471788206e+31,2.391092921745523e+29,0.0,0.0,2.2558023763962757e+31
iter_0889,1.9792143060262885e+31,2.5813485800299738e+29,0.0,0.0,2.0050277918265887e+31
iter_0890,2.0137788926970897e+31,2.2910556183426648e+29,0.0,0.0,2.0366894488805163e+31
iter_0891,2.1980495931693152e+31,3.512756963259294e+29,0.0,0.0,2.233177162801908e+31
iter_0892,2.1040841470776335e+31,2.4457610214884747e+29,0.0,0.0,2.1285417572925183e+31
iter_0893,2.1499678757950817e+31,2.935312943981516e+29,0.0,0.0,2.179321005234897e+31
iter_0894,1.993631561780986e+31,2.8184878147707715e+29,0.0,0.0,2.0218164399286938e+31
iter_0895,2.1565500427397672e+31,3.3944327058617805e+29,0.0,0.0,2.190494369798385e+31
iter_0896,2.172645756258004e+31,2.7716412589208536e+29,0.0,0.0,2.200362168847213e+31
iter_0897,2.046239961265493e+31,2.4946862964811145e+29,0.0,0.0,2.071186824230304e+31
iter_0898,2.155171237772308e+31,3.395387010793989e+29,0.0,0.0,2.189125107880248e+31
iter_0899,2.229750836383873e+31,2.746354086294147e+29,0.0,0.0,2.257214377246815e+31
iter_0900,2.041348429660629e+31,2.041731859752514e+29,0.0,0.0,2.061765748258154e+31
iter_0901,2.047257891247656e+31,3.56219483536437e+29,0.0,0.0,2.0828798396012994e+31
iter_0902,2.1935140818106046e+31,3.1570613237248955e+29,0.0,0.0,2.2250846950478535e+31
iter_0903,1.9868541115980773e+31,3.385756923174882e+29,0.0,0.0,2.0207116808298261e+31
iter_0904,2.121127551613752e+31,3.8698391791590234e+29,0.0,0.0,2.1598259434053425e+31
iter_0905,2.0621381984538075e+31,2.5912426704464383e+29,0.0,0.0,2.088050625158272e+31
iter_0906,2.1432661512801145e+31,2.04135690335409e+29,0.0,0.0,2.1636797203136547e+31
iter_0907,2.140856140068068e+31,3.06483136292001e+29,0.0,0.0,2.171504453697268e+31
iter_0908,2.1011934674384844e+31,2.1393120308470915e+29,0.0,0.0,2.1225865877469553e+31
iter_0909,2.151434290626317e+31,2.6219395460811442e+29,0.0,0.0,2.177653686087128e+31
iter_0910,2.0724245998361107e+31,3.6748835559076786e+29,0.0,0.0,2.1091734353951877e+31
iter_0911,2.0915976293574853e+31,2.993148015525996e+29,0.0,0.0,2.1215291095127453e+31
iter_0912,2.131993955449439e+31,3.9573156234618726e+29,0.0,0.0,2.171567111684058e+31
iter_0913,2.0279613167144142e+31,2.9429640596704623e+29,0.0,0.0,2.0573909573111187e+31
iter_0914,2.0768957244747985e+31,2.8235147127845547e+29,0.0,0.0,2.1051308716026445e+31
iter_0915,2.097879377898749e+31,2.754631403440013e+29,0.0,0.0,2.1254256919331496e+31
iter_0916,2.0876585033003573e+31,1.868728131655839e+29,0.0,0.0,2.1063457846169155e+31
iter_0917,2.144018599396479e+31,2.7397206215382532e+29,0.0,0.0,2.1714158056118616e+31
iter_0918,2.281663681321715e+31,2.9566060410960344e+29,0.0,0.0,2.311229741732675e+31
iter_0919,2.213801234238516e+31,2.4580916260591748e+29,0.0,0.0,2.238382150499108e+31
iter_0920,2.120220810051355e+31,3.0969136978486555e+29,0.0,0.0,2.1511899470298416e+31
iter_0921,2.1789718987760827e+31,2.770221257901444e+29,0.0,0.0,2.206674111355097e+31
iter_0922,2.1880510721341747e+31,2.83407140873261e+29,0.0,0.0,2.2163917862215004e+31
iter_0923,2.0101194101890428e+31,2.4565170031815433e+29,0.0,0.0,2.034684580220858e+31
iter_0924,2.085637913041111e+31,2.6605339057211734e+29,0.0,0.0,2.112243252098323e+31
iter_0925,2.1096912974938094e+31,2.0541856748741426e+29,0.0,0.0,2.1302331542425505e+31
iter_0926,2.106722355046007e+31,2.970695405506494e+29,0.0,0.0,2.136429309101072e+31
iter_0927,2.0905827130855264e+31,3.7351650752552404e+29,0.0,0.0,2.127934363838079e+31
iter_0928,2.2370661478164373e+31,2.1978504352478686e+29,0.0,0.0,2.2590446521689154e+31
iter_0929,1.9594129406916618e+31,3.088507965351543e+29,0.0,0.0,1.9902980203451772e+31
iter_0930,2.211225424277646e+31,3.666077240061202e+29,0.0,0.0,2.247886196678258e+31
iter_0931,2.158901270718717e+31,1.953430557996838e+29,0.0,0.0,2.178435576298686e+31
iter_0932,2.165495519368024e+31,3.0463383713947214e+29,0.0,0.0,2.195958903081971e+31
iter_0933,2.0677465427278832e+31,2.642745697360229e+29,0.0,0.0,2.094173999701486e+31
iter_0934,2.0397368275165055e+31,3.241410208546382e+29,0.0,0.0,2.072150929601969e+31
iter_0935,2.1693470985329773e+31,2.5511568507949067e+29,0.0,0.0,2.194858667040926e+31
iter_0936,2.141986113357044e+31,4.1158097749743275e+29,0.0,0.0,2.183144211106787e+31
iter_0937,2.1701584425860914e+31,3.022123605898875e+29,0.0,0.0,2.2003796786450803e+31
iter_0938,2.2115728722403425e+31,2.8518257567455566e+29,0.0,0.0,2.2400911298077983e+31
iter_0939,2.2476703788471186e+31,2.950617990713555e+29,0.0,0.0,2.277176558754254e+31
iter_0940,2.0041294723223272e+31,1.602184652195019e+29,0.0,0.0,2.0201513188442773e+31
iter_0941,2.2576751091618535e+31,2.028223014040757e+29,0.0,0.0,2.277957339302261e+31
iter_0942,2.1494772216912516e+31,2.903324705706351e+29,0.0,0.0,2.178510468748315e+31
iter_0943,2.1270952996596114e+31,4.2093756634178784e+29,0.0,0.0,2.1691890562937905e+31
iter_0944,2.063780236706617e+31,2.7245352314616773e+29,0.0,0.0,2.0910255890212336e+31
iter_0945,2.046643675394408e+31,4.1710308588793314e+29,0.0,0.0,2.088353983983201e+31
iter_0946,2.1482254586173226e+31,2.4237208150480296e+29,0.0,0.0,2.172462666767803e+31
iter_0947,2.0944318331497215e+31,3.891953209443876e+29,0.0,0.0,2.1333513652441606e+31
iter_0948,2.053803227035495e+31,2.521766256858215e+29,0.0,0.0,2.079020889604077e+31
iter_0949,2.1984654118319266e+31,2.9146278057003473e+29,0.0,0.0,2.22761168988893e+31
iter_0950,2.003052021741773e+31,2.5659389399115376e+29,0.0,0.0,2.028711411140888e+31
iter_0951,2.1955389880819563e+31,1.9414009547982086e+29,0.0,0.0,2.214952997629938e+31
iter_0952,2.1865765964346496e+31,2.9622938538470056e+29,0.0,0.0,2.2161995349731194e+31
iter_0953,2.0752078122900893e+31,2.9022386570768672e+29,0.0,0.0,2.104230198860858e+31
iter_0954,2.153523589864688e+31,3.196500130958083e+29,0.0,0.0,2.1854885911742684e+31
iter_0955,2.055550173246158e+31,2.4420296746812956e+29,0.0,0.0,2.079970469992971e+31
iter_0956,2.1184949049498545e+31,1.7257711280142883e+29,0.0,0.0,2.1357526162299975e+31
iter_0957,2.1090778465400626e+31,3.083614348890984e+29,0.0,0.0,2.1399139900289726e+31
iter_0958,2.0314123267122537e+31,2.331009436998473e+29,0.0,0.0,2.054722421082238e+31
iter_0959,2.190904904476116e+31,2.153090589346311e+29,0.0,0.0,2.2124358103695797e+31
iter_0960,2.175283733516105e+31,3.5344866629608225e+29,0.0,0.0,2.210628600145713e+31
iter_0961,2.1147846293571278e+31,2.4240964390096225e+29,0.0,0.0,2.1390255937472237e+31
iter_0962,2.0310007695096085e+31,2.6441156489949165e+29,0.0,0.0,2.057441925999558e+31
iter_0963,2.1480764619092415e+31,2.3797802705707526e+29,0.0,0.0,2.171874264614949e+31
iter_0964,2.1295912074379117e+31,3.207692173517281e+29,0.0,0.0,2.1616681291730845e+31
iter_0965,2.0884997116186385e+31,1.6011340861798385e+29,0.0,0.0,2.1045110524804367e+31
iter_0966,2.110878800438602e+31,2.195282685095179e+29,0.0,0.0,2.132831627289554e+31
iter_0967,2.1147373896777794e+31,2.5669341794454286e+29,0.0,0.0,2.140406731472233e+31
iter_0968,2.1574384024900895e+31,3.658305516481103e+29,0.0,0.0,2.194021457654901e+31
iter_0969,2.0893316785270764e+31,3.3222538456990856e+29,0.0,0.0,2.1225542169840677e+31
iter_0970,1.9426580103902728e+31,2.531633743060391e+29,0.0,0.0,1.967974347820877e+31
iter_0971,1.9267352545554837e+31,2.5368656674035566e+29,0.0,0.0,1.9521039112295193e+31
iter_0972,2.2671684255946446e+31,2.8070207056219673e+29,0.0,0.0,2.295238632650864e+31
iter_0973,2.076930056114535e+31,3.552901459928066e+29,0.0,0.0,2.112459070713816e+31
iter_0974,2.127001656222051e+31,4.4575930515012355e+29,0.0,0.0,2.1715775867370636e+31
iter_0975,2.074505873549966e+31,2.5036729881197662e+29,0.0,0.0,2.0995426034311645e+31
iter_0976,2.1805211183600426e+31,2.313117034767504e+29,0.0,0.0,2.2036522887077177e+31
iter_0977,1.952450753079614e+31,3.1406928589850127e+29,0.0,0.0,1.9838576816694642e+31
iter_0978,2.087664488679457e+31,3.492545604491546e+29,0.0,0.0,2.122589944724372e+31
iter_0979,2.2369083025145145e+31,3.096996355846282e+29,0.0,0.0,2.267878266072978e+31
iter_0980,2.1489625680225566e+31,3.2290269894176696e+29,0.0,0.0,2.1812528379167333e+31
iter_0981,2.1029767770673763e+31,2.823899626386768e+29,0.0,0.0,2.1312157733312442e+31
iter_0982,2.184278280945595e+31,3.599690300698652e+29,0.0,0.0,2.2202751839525816e+31
iter_0983,2.10954010549579e+31,2.8246133911284215e+29,0.0,0.0,2.1377862394070747e+31
iter_0984,2.181017994804745e+31,2.9443901668466218e+29,0.0,0.0,2.210461896473211e+31
iter_0985,2.0282590541212137e+31,3.6733171207396765e+29,0.0,0.0,2.0649922253286103e+31
iter_0986,1.9377746766233646e+31,3.406355957397466e+29,0.0,0.0,1.9718382361973394e+31
iter_0987,2.092781917806324e+31,2.239950987833828e+29,0.0,0.0,2.1151814276846627e+31
iter_0988,2.0275970554332667e+31,2.9125166152777255e+29,0.0,0.0,2.056722221586044e+31
iter_0989,2.1410186913244047e+31,2.756215326620535e+29,0.0,0.0,2.1685808445906104e+31
iter_0990,1.9512778900808982e+31,3.4618186959563494e+29,0.0,0.0,1.9858960770404614e+31
iter_0991,2.105259133356264e+31,2.323626270138546e+29,0.0,0.0,2.1284953960576494e+31
iter_0992,1.9655203171724613e+31,3.049117902716221e+29,0.0,0.0,1.9960114961996236e+31
iter_0993,2.0479889902024985e+31,3.3375188240696576e+29,0.0,0.0,2.081364178443195e+31
iter_0994,2.0168556138093102e+31,2.1610458392245554e+29,0.0,0.0,2.038466072201556e+31
iter_0995,2.0607601215653593e+31,2.0858588946449073e+29,0.0,0.0,2.081618710511808e+31
iter_0996,2.0256422289904803e+31,4.1055081857564225e+29,0.0,0.0,2.0666973108480447e+31
iter_0997,2.204081841396709e+31,4.713590304310356e+29,0.0,0.0,2.251217744439813e+31
iter_0998,2.0410258483169413e+31,2.561021586249792e+29,0.0,0.0,2.0666360641794395e+31
iter_0999,2.182593381228252e+31,3.0963753760732294e+29,0.0,0.0,2.2135571349889842e+31
iter_1000,2.2052388766147053e+31,3.534319806095556e+29,0.0,0.0,2.240582074675661e+31
